year,horizon,hour,field,members,held_out,rmse_norm,rmse_phys,acc,gain_vs_single_pct,gain_vs_linear_pct,acc_delta_vs_single
2022,6.0,1,T1000,1,False,0.014291604889380707,0.24223873374578508,0.9962558192156322,0.0,18.76459258449167,0.0
2022,6.0,1,T925,1,False,0.01625941580678247,0.2598896060883514,0.9967353655885529,0.0,12.290897338757556,0.0
2022,6.0,1,T850,1,False,0.018837723057929044,0.2892247648848491,0.9965294203943866,0.0,6.948676984336332,0.0
2022,6.0,1,T700,1,False,0.01692641944552408,0.24230070009819415,0.9971462414910875,0.0,4.068875662048632,0.0
2022,6.0,1,U1000,1,False,0.08291607414349317,0.45754431152274816,0.9946279232271936,0.0,13.535282715599505,0.0
2022,6.0,1,U925,1,False,0.08103840601702006,0.5802859510422589,0.9947911754214078,0.0,13.803189614912291,0.0
2022,6.0,1,U850,1,False,0.07878562532175715,0.5937443741314367,0.9948413300176262,0.0,9.634208907337815,0.0
2022,6.0,1,U700,1,False,0.07584750246405267,0.6470239539772572,0.9951629717499091,0.0,5.495708827650658,0.0
2022,6.0,1,V1000,1,False,0.1552244278747819,0.47720579533103424,0.9945825445100597,0.0,17.862871634890254,0.0
2022,6.0,1,V925,1,False,0.1996260056399858,0.6247149562526818,0.9941265910151794,0.0,19.275257447354143,0.0
2022,6.0,1,V850,1,False,0.2506180932530351,0.6286397244810573,0.9938027960610575,0.0,14.654202575214548,0.0
2022,6.0,1,V700,1,False,0.30760392659986724,0.6880940666660568,0.994033457969336,0.0,9.420203894638579,0.0
2022,6.0,1,Q1000,1,False,0.021418010197252133,0.00015484621198223996,0.9949501920653764,0.0,6.185872681357008,0.0
2022,6.0,1,Q925,1,False,0.041021975862182744,0.00025261336002205595,0.9865864473595318,0.0,3.218171963251981,0.0
2022,6.0,1,Q850,1,False,0.06032170292268562,0.00029258386278330266,0.9880421937661632,0.0,3.9705033006782298,0.0
2022,6.0,1,Q700,1,False,0.07622058514004083,0.00022280513168602145,0.9909168305087392,0.0,2.731145050239936,0.0
2022,6.0,1,Z1000,1,False,0.02481328223762792,22.661994602173888,0.9992336972391201,0.0,42.97991474394944,0.0
2022,6.0,1,Z925,1,False,0.01982582018149917,22.034647058785602,0.9992458778721748,0.0,43.17236672022554,0.0
2022,6.0,1,Z850,1,False,0.015379052325658166,21.42347817760122,0.9992941770204236,0.0,43.28863930914476,0.0
2022,6.0,1,Z700,1,False,0.009877235066575684,20.953939302092998,0.9994546978793807,0.0,42.93381838459454,0.0
2022,6.0,1,t2m,1,False,0.016544960972205754,0.32428124267893893,0.9922634631030228,0.0,29.89809455603918,0.0
2022,6.0,1,u10,1,False,0.08386543542014635,0.4142952529490143,0.9944260512141022,0.0,14.060710057025982,0.0
2022,6.0,1,v10,1,False,0.15600453780663678,0.43369260833752304,0.9942424116082748,0.0,18.052260580710822,0.0
2022,6.0,1,mslp,1,False,0.024983851095170175,27.874480055904975,0.9992777079545795,0.0,42.00778750315772,0.0
2022,6.0,2,T1000,1,True,0.022436618880936968,0.3802944613393754,0.9907706893497716,0.0,21.022050326549458,0.0
2022,6.0,2,T925,1,True,0.02541747862001931,0.4062715774546223,0.9919985070960666,0.0,12.64844326258119,0.0
2022,6.0,2,T850,1,True,0.02961811126905989,0.45474134175019565,0.9913959336812757,0.0,6.767239069108699,0.0
2022,6.0,2,T700,1,True,0.02626105428089701,0.37592544621031637,0.9931090788147529,0.0,4.083349615157916,0.0
2022,6.0,2,U1000,1,True,0.12624474898371735,0.696638948988901,0.9875338267016227,0.0,15.026895214198099,0.0
2022,6.0,2,U925,1,True,0.12457520254962927,0.8920367997157725,0.9876705576083983,0.0,14.968789680088857,0.0
2022,6.0,2,U850,1,True,0.12260019342334286,0.9239397996285803,0.9874527803506257,0.0,9.876485573184468,0.0
2022,6.0,2,U700,1,True,0.11730841087961842,1.0007099658772842,0.988369356994646,0.0,5.403451752726207,0.0
2022,6.0,2,V1000,1,True,0.2389201626527207,0.7345112418891877,0.9871572375008605,0.0,19.368240852089478,0.0
2022,6.0,2,V925,1,True,0.30408689329381655,0.9516176442932609,0.9863717514455038,0.0,21.482461309207146,0.0
2022,6.0,2,V850,1,True,0.3852879688867822,0.9664398773693451,0.9853013506340559,0.0,16.191498398427306,0.0
2022,6.0,2,V700,1,True,0.4741185653441008,1.0605786999633742,0.9857147032701303,0.0,10.408057197324815,0.0
2022,6.0,2,Q1000,1,True,0.03334744794352395,0.0002410927028576404,0.9877453701155224,0.0,6.587291734177025,0.0
2022,6.0,2,Q925,1,True,0.06359920914066058,0.0003916439792386484,0.9674538371083248,0.0,2.9916586372812137,0.0
2022,6.0,2,Q850,1,True,0.09664490057667226,0.0004687655888119422,0.9691372192775105,0.0,2.9783739381128216,0.0
2022,6.0,2,Q700,1,True,0.12097998796488925,0.0003536441225217632,0.9769589708923331,0.0,1.8765146121044962,0.0
2022,6.0,2,Z1000,1,True,0.030628145609571396,27.97271445821022,0.9988417085676398,0.0,53.758814844284174,0.0
2022,6.0,2,Z925,1,True,0.023766751308182062,26.414643516043732,0.998925161693737,0.0,55.05974667309275,0.0
2022,6.0,2,Z850,1,True,0.017870251655769748,24.89379278995464,0.9990544474462252,0.0,56.38646358792687,0.0
2022,6.0,2,Z700,1,True,0.011115824988933438,23.58153064249719,0.9993138396130965,0.0,57.31901704425165,0.0
2022,6.0,2,t2m,1,True,0.036363708148449955,0.7127286918700961,0.964485105922806,0.0,12.286860911535236,0.0
2022,6.0,2,u10,1,True,0.12787638028629625,0.6317093219685707,0.9870432417653962,0.0,15.64867872497775,0.0
2022,6.0,2,v10,1,True,0.24034699362813036,0.6681646404655995,0.9863318843523458,0.0,19.579661445526998,0.0
2022,6.0,2,mslp,1,True,0.031202968441590616,34.81315065206194,0.9988826422668108,0.0,52.38863991931868,0.0
2022,6.0,3,T1000,1,False,0.02526124157424826,0.4281710256829291,0.9883161454487598,0.0,22.498092416009484,0.0
2022,6.0,3,T925,1,False,0.028344041885447688,0.4530496061841036,0.9900379046832554,0.0,13.175539780787481,0.0
2022,6.0,3,T850,1,False,0.03306391141744167,0.5076463974825053,0.989261143654632,0.0,6.615521096149813,0.0
2022,6.0,3,T700,1,False,0.029019110963368323,0.41540687718410196,0.9915697875518705,0.0,4.109164573186286,0.0
2022,6.0,3,U1000,1,False,0.13874948007961255,0.7656420722829105,0.9849488417813356,0.0,15.641127476373807,0.0
2022,6.0,3,U925,1,False,0.13738679161558193,0.9837758269185517,0.9850055444232112,0.0,15.41418304990737,0.0
2022,6.0,3,U850,1,False,0.13573650514306412,1.0229377023660144,0.9845766517766856,0.0,10.065147274594544,0.0
2022,6.0,3,U700,1,False,0.12945814128630923,1.1043543337489645,0.9857789726399396,0.0,5.519162373977671,0.0
2022,6.0,3,V1000,1,False,0.2606516358183963,0.8013202171559065,0.9847243670236568,0.0,20.931712169877592,0.0
2022,6.0,3,V925,1,False,0.3307719455640058,1.0351265621126682,0.9838989154625921,0.0,23.18403936633332,0.0
2022,6.0,3,V850,1,False,0.42367193168350414,1.0627205750633342,0.9821960543694531,0.0,17.070622605565767,0.0
2022,6.0,3,V700,1,False,0.5222595242543664,1.1682675254852,0.9825663672128578,0.0,11.061216812057694,0.0
2022,6.0,3,Q1000,1,False,0.03726284603126247,0.00026939993494771986,0.9847067392990895,0.0,6.76668028641334,0.0
2022,6.0,3,Q925,1,False,0.07035722840691815,0.00043325986671526154,0.9600502312458862,0.0,3.0284041895071945,0.0
2022,6.0,3,Q850,1,False,0.10833201238271219,0.0005254526513799577,0.961167668621264,0.0,2.6876426932309516,0.0
2022,6.0,3,Q700,1,False,0.13523607848060687,0.0003953169896432168,0.9711023596003886,0.0,1.6489302524724692,0.0
2022,6.0,3,Z1000,1,False,0.03331377712012724,30.425504457820548,0.99863588839287,0.0,55.31439463895784,0.0
2022,6.0,3,Z925,1,False,0.02574193993218373,28.609891099648106,0.9987445207071175,0.0,56.74789969952205,0.0
2022,6.0,3,Z850,1,False,0.01924694682666619,26.81157022922638,0.9989071700000279,0.0,58.34155518182498,0.0
2022,6.0,3,Z700,1,False,0.012009730090281938,25.47789423321158,0.9992006878664611,0.0,59.22856177544909,0.0
2022,6.0,3,t2m,1,False,0.027808899435782318,0.5450544384056302,0.9791653434209356,0.0,37.67550566199341,0.0
2022,6.0,3,u10,1,False,0.1406828066937442,0.6949730765257225,0.9843457990621294,0.0,16.289969029988082,0.0
2022,6.0,3,v10,1,False,0.26220687378417484,0.7289350992015384,0.983753393192909,0.0,21.190921680997278,0.0
2022,6.0,3,mslp,1,False,0.03411049873716002,38.05708171695559,0.9986703646519711,0.0,53.75531046783551,0.0
2022,6.0,4,T1000,1,True,0.023263693160857617,0.39431313900213805,0.9900778468833071,0.0,22.148789280169055,0.0
2022,6.0,4,T925,1,True,0.02575909742488292,0.41173199614824124,0.9917690718025209,0.0,13.32782025888598,0.0
2022,6.0,4,T850,1,True,0.029749227035757563,0.4567544257036454,0.9913096697502037,0.0,6.2145492963260995,0.0
2022,6.0,4,T700,1,True,0.02592232777009962,0.37107660375267987,0.9932736857798824,0.0,3.7811027100143835,0.0
2022,6.0,4,U1000,1,True,0.12552662924009264,0.6926762488590507,0.9877123804653449,0.0,14.87358921736115,0.0
2022,6.0,4,U925,1,True,0.12346298158410537,0.8840725916392916,0.9879196167849564,0.0,14.838015785223845,0.0
2022,6.0,4,U850,1,True,0.12163799495113388,0.9166884814813051,0.9876126458220097,0.0,9.707999948692835,0.0
2022,6.0,4,U700,1,True,0.11601255660128236,0.9896555675528048,0.9885626984249768,0.0,5.364422376640099,0.0
2022,6.0,4,V1000,1,True,0.2330447368950549,0.7164484436633403,0.9878110676524985,0.0,20.99423605497892,0.0
2022,6.0,4,V925,1,True,0.2966281877666879,0.928276174180719,0.9870798831762263,0.0,22.985728228933866,0.0
2022,6.0,4,V850,1,True,0.3806008845379618,0.9546829971690107,0.9856376243239796,0.0,16.574011026945545,0.0
2022,6.0,4,V700,1,True,0.47113847122249997,1.0539123765679226,0.9857665775908538,0.0,10.29289200464536,0.0
2022,6.0,4,Q1000,1,True,0.03389250353402199,0.0002450333033851776,0.9873775214662266,0.0,6.681370372289985,0.0
2022,6.0,4,Q925,1,True,0.06295831990238984,0.0003876973858077311,0.9681475575690821,0.0,3.1159707511383528,0.0
2022,6.0,4,Q850,1,True,0.09675558740150286,0.0004693024578229873,0.9692169092893087,0.0,2.78111413441281,0.0
2022,6.0,4,Q700,1,True,0.1208230193263285,0.0003531852835661883,0.9769796538792846,0.0,1.8078836793754105,0.0
2022,6.0,4,Z1000,1,True,0.03128514083175907,28.572748773136958,0.9987961084715803,0.0,52.60709037969045,0.0
2022,6.0,4,Z925,1,True,0.024287647049599036,26.993573047870235,0.9988811146014411,0.0,53.88865721646352,0.0
2022,6.0,4,Z850,1,True,0.018298492768721496,25.490344918652216,0.9990108858083162,0.0,55.31122526157175,0.0
2022,6.0,4,Z700,1,True,0.011489861119155446,24.375024870509314,0.9992672350366146,0.0,56.109546338150395,0.0
2022,6.0,4,t2m,1,True,0.03483945248947432,0.6828532836171084,0.9668557344440413,0.0,21.22586962495796,0.0
2022,6.0,4,u10,1,True,0.12734257425638681,0.6290723228943119,0.9872211162758342,0.0,15.46337530930657,0.0
2022,6.0,4,v10,1,True,0.23425291328768055,0.6512230957274084,0.9870659238052052,0.0,21.3095737590015,0.0
2022,6.0,4,mslp,1,True,0.031886228918920276,35.575465658450526,0.99883693766576,0.0,51.14494878161635,0.0
2022,6.0,5,T1000,1,False,0.015022390895774501,0.2546253545271074,0.995848522653394,0.0,23.393296347066006,0.0
2022,6.0,5,T925,1,False,0.016672249366905884,0.2664883111626503,0.9965497257577888,0.0,14.844248854687535,0.0
2022,6.0,5,T850,1,False,0.018972774852242885,0.29129828523169243,0.9964706659941706,0.0,6.39713445602188,0.0
2022,6.0,5,T700,1,False,0.01644846172313147,0.23545876708698424,0.9972943183291971,0.0,3.8328312803051268,0.0
2022,6.0,5,U1000,1,False,0.08108963605503552,0.4474657317656367,0.994894748524744,0.0,14.144543646246731,0.0
2022,6.0,5,U925,1,False,0.07889875341557644,0.5649646928978,0.9950813847362012,0.0,14.439862000815252,0.0
2022,6.0,5,U850,1,False,0.07703948935632751,0.5805851430946755,0.9950404804550294,0.0,10.143414748954848,0.0
2022,6.0,5,U700,1,False,0.07361359153551264,0.6279673760327826,0.995398989625231,0.0,6.090435294709772,0.0
2022,6.0,5,V1000,1,False,0.1494114567543979,0.459335009922177,0.9950044603562224,0.0,20.155175743276942,0.0
2022,6.0,5,V925,1,False,0.191401849241172,0.5989780597271753,0.9946270234378256,0.0,21.80189888620432,0.0
2022,6.0,5,V850,1,False,0.24342451388476236,0.6105956563500884,0.9941349076045762,0.0,15.937196009641752,0.0
2022,6.0,5,V700,1,False,0.29926099207220175,0.6694313474061442,0.9942578063603524,0.0,10.34227172068829,0.0
2022,6.0,5,Q1000,1,False,0.02225509904668496,0.00016089812932952455,0.9945642291645781,0.0,6.873278886305812,0.0
2022,6.0,5,Q925,1,False,0.040491784212378645,0.0002493484373555939,0.9869395526243078,0.0,3.437868810503486,0.0
2022,6.0,5,Q850,1,False,0.06068508207347728,0.0002943463939492635,0.9880193614746822,0.0,3.7979527629527277,0.0
2022,6.0,5,Q700,1,False,0.07588853161319882,0.0002218344855452076,0.9909678427067397,0.0,2.7646282438042125,0.0
2022,6.0,5,Z1000,1,False,0.022745469821904295,20.773459076915035,0.9993589033466383,0.0,46.70645023368465,0.0
2022,6.0,5,Z925,1,False,0.018000737701314145,20.006228923379336,0.9993808124554624,0.0,47.24406690110086,0.0
2022,6.0,5,Z850,1,False,0.013869210913890226,19.320223879941906,0.9994279520180144,0.0,47.8913138224348,0.0
2022,6.0,5,Z700,1,False,0.008864378309224676,18.8052264544291,0.9995616872618036,0.0,48.21815303217011,0.0
2022,6.0,5,t2m,1,False,0.0185908597020199,0.36438085980819507,0.9906694596165319,0.0,31.97749701880871,0.0
2022,6.0,5,u10,1,False,0.08227253226438094,0.40642631048841177,0.9946951941619488,0.0,14.604736413471054,0.0
2022,6.0,5,v10,1,False,0.15012485482749885,0.41734708622101563,0.9947093101134259,0.0,20.446230594124636,0.0
2022,6.0,5,mslp,1,False,0.022917945386803633,25.56954955848897,0.9993944889445062,0.0,45.658742018307585,0.0
2022,6.0,1,T1000,4,False,0.014202964783337782,0.24073631084757377,0.9963022790099065,0.620224997325447,19.268434887961817,4.645979427431168e-05
2022,6.0,1,T925,4,False,0.016191594333572087,0.25880555199325483,0.9967624898206716,0.41712121773829214,12.656750615845457,2.712423211870263e-05
2022,6.0,1,T850,4,False,0.018787544946901207,0.28845436061979995,0.9965480600150864,0.26637036160650496,7.196538129932795,1.8639620699811843e-05
2022,6.0,1,T700,4,False,0.01689788918546185,0.24189229102901133,0.9971562169857954,0.16855460869353855,4.230571993291788,9.97549470782566e-06
2022,6.0,1,U1000,4,False,0.08249287896715204,0.4552090545853357,0.9946826289396637,0.5103897895705312,13.976589804200113,5.470571247012668e-05
2022,6.0,1,U925,4,False,0.08066016296548909,0.5775774949304828,0.9948398493081704,0.4667454237087698,14.205509282767615,4.8673886762551355e-05
2022,6.0,1,U850,4,False,0.07847310683558618,0.5913891688836089,0.9948823558457157,0.39666942401567207,9.992662370372285,4.1025828089513716e-05
2022,6.0,1,U700,4,False,0.07565095015484445,0.6453472467732322,0.9951882332626734,0.2591414388382396,5.740608607558562,2.526151276427413e-05
2022,6.0,1,V1000,4,False,0.15390862587726342,0.4731606341949297,0.9946741610751907,0.8476771443344799,18.559129299053968,9.161656513101413e-05
2022,6.0,1,V925,4,False,0.19784113555472674,0.6191293462694704,0.9942313427020878,0.8941069975011096,19.997023019232106,0.00010475168690837755
2022,6.0,1,V850,4,False,0.2489184702194557,0.6243764667729232,0.9938868332438658,0.6781725180006637,15.232994318617965,8.403718280836081e-05
2022,6.0,1,V700,4,False,0.3062284122614283,0.685017109360521,0.9940868536077246,0.44717060462893254,9.825250116554585,5.3395638388686884e-05
2022,6.0,1,Q1000,4,False,0.021350343256190805,0.0001543569992500924,0.9949827029403739,0.3159347690945058,6.482264127879189,3.251087499756e-05
2022,6.0,1,Q925,4,False,0.04097755452600343,0.00025233981278425805,0.9866170773038693,0.1082866810915073,3.322973792732664,3.0629944337445814e-05
2022,6.0,1,Q850,4,False,0.060250139418178895,0.0002922367526280244,0.9880722447991318,0.11863641283212933,4.084429250823041,3.005103296860323e-05
2022,6.0,1,Q700,4,False,0.07610380123103518,0.00022246375418591522,0.9909462794955743,0.1532183317552449,2.8801787671113965,2.944898683510111e-05
2022,6.0,1,Z1000,4,False,0.02458859832055691,22.456790378013313,0.9992475226955352,0.9054985749942013,43.496230803403456,1.3825456415039739e-05
2022,6.0,1,Z925,4,False,0.019635447945970927,21.82306500538474,0.9992602970041742,0.9602237576324502,43.718039155878174,1.4419131999399148e-05
2022,6.0,1,Z850,4,False,0.015233654729535941,21.22093483824253,0.9993074821332811,0.9454262398187252,43.82480339407435,1.330511285757563e-05
2022,6.0,1,Z700,4,False,0.009771363357755206,20.72933861231457,0.999466353678868,1.0718759663698396,43.545497070255024,1.1655799487364504e-05
2022,6.0,1,t2m,4,False,0.016315559104543575,0.3197849657270982,0.9924763592616183,1.3865361667975917,30.870082828633937,0.00021289615859543254
2022,6.0,1,u10,4,False,0.08343290948506835,0.4121585759326659,0.9944834063211199,0.5157380187810978,14.503931648332424,5.735510701765367e-05
2022,6.0,1,v10,4,False,0.15462798744263717,0.42986580010408915,0.9943438231073026,0.8823784124188827,18.775349742811898,0.00010141149902787028
2022,6.0,1,mslp,4,False,0.02477168829424999,27.637771554041556,0.9992899604593484,0.8491997495182035,42.50025722642097,1.2252504768883732e-05
2022,6.0,2,T1000,4,True,0.022340091614115546,0.37865834979304686,0.9908505528351479,0.43022198368505293,21.36183082830835,7.986348537625254e-05
2022,6.0,2,T925,4,True,0.025347930231680735,0.4051599171222803,0.9920427365707533,0.2736242621791729,12.887458315205969,4.422947468663008e-05
2022,6.0,2,T850,4,True,0.029579346899501875,0.4541461758591806,0.9914186164382077,0.13088062640412845,6.889262690628916,2.268275693206867e-05
2022,6.0,2,T700,4,True,0.02623669674993396,0.37557677981710813,0.993121819348344,0.09275153503935929,4.172313780748194,1.2740533591126812e-05
2022,6.0,2,U1000,4,True,0.12583797392992166,0.6943943023294997,0.9876142434059304,0.3222114638987139,15.300688299048614,8.041670430769532e-05
2022,6.0,2,U925,4,True,0.1242046243580342,0.8893832220721503,0.9877447501965719,0.29747348108660754,15.221734981437574,7.419258817364938e-05
2022,6.0,2,U850,4,True,0.1224840719366418,0.9230646886410241,0.9874770860498462,0.09471558197309271,9.961846584368427,2.4305699220517063e-05
2022,6.0,2,U700,4,True,0.11725608007754917,1.000263551289835,0.9883798852589966,0.04460959080159199,5.445650885811748,1.0528264350551098e-05
2022,6.0,2,V1000,4,True,0.23670397445887553,0.727698030108547,0.9873964879894203,0.9275852524286421,20.116169158719288,0.00023925048855977238
2022,6.0,2,V925,4,True,0.3013929599047932,0.9431871786185889,0.98661526071209,0.8859090767915467,22.178055311342206,0.00024350926658622818
2022,6.0,2,V850,4,True,0.3834621806409308,0.9618601595109894,0.985442164964249,0.47387626743878863,16.58864699761322,0.0001408143301930842
2022,6.0,2,V700,4,True,0.47352874012279006,1.059259289331836,0.985751066507967,0.12440458240285945,10.519513679635095,3.6363237836622986e-05
2022,6.0,2,Q1000,4,True,0.03330320229261249,0.00024077282331558028,0.9877774915834794,0.1326807706136801,6.71123243535523,3.2121467956947036e-05
2022,6.0,2,Q925,4,True,0.06355469862430659,0.0003913698783906038,0.9674998503057399,0.06998595887498515,3.0595508551726325,4.60131974151512e-05
2022,6.0,2,Q850,4,True,0.09659958591246993,0.00046854578951076976,0.9691663389319555,0.046887796388561664,3.023865240593604,2.911965444496456e-05
2022,6.0,2,Q700,4,True,0.12093581976278327,0.00035351501647015173,0.9769749788643209,0.036508684493175014,1.9123382057984695,1.6007971987863634e-05
2022,6.0,2,Z1000,4,True,0.03033036451470043,27.700750987572018,0.9988642138879087,0.9722465691096471,54.20839318047626,2.2505320268928486e-05
2022,6.0,2,Z925,4,True,0.023546415297001938,26.169759757883124,0.9989452382198171,0.9270766892918614,55.47637728579521,2.0076526080048396e-05
2022,6.0,2,Z850,4,True,0.017692718899992008,24.64648420732543,0.9990732804021848,0.9934541448968326,56.819744073148705,1.883295595961343e-05
2022,6.0,2,Z700,4,True,0.011003891199670993,23.344070616209383,0.9993276979164405,1.0069768944174884,57.74880468092631,1.3858303343994294e-05
2022,6.0,2,t2m,4,True,0.03605113269747442,0.7066022170998355,0.9651018873088042,0.8595807932994304,13.040826208339695,0.0006167813859981885
2022,6.0,2,u10,4,True,0.1274634764032716,0.6296695767219055,0.987127017145558,0.3228930018977838,15.921043238383115,8.377538016179908e-05
2022,6.0,2,v10,4,True,0.23800437294586513,0.6616521501935556,0.986599606547981,0.9746827480146436,20.363504611312422,0.0002677221956352005
2022,6.0,2,mslp,4,True,0.030915651275693182,34.492589348151085,0.9989032068675973,0.9208007450806077,52.8270456776846,2.0564600786476817e-05
2022,6.0,3,T1000,4,False,0.02519099297136034,0.42698033595997215,0.988382736131391,0.27808848065302705,22.71361629328692,6.659068263126233e-05
2022,6.0,3,T925,4,False,0.028322190005485182,0.452700318631855,0.9900537828819189,0.07709514419580454,13.24247722359072,1.5878198663554777e-05
2022,6.0,3,T850,4,False,0.03304960650064059,0.5074267725846431,0.9892710339164223,0.043264442069423925,6.655923369926997,9.89026179032404e-06
2022,6.0,3,T700,4,False,0.02902554186867876,0.41549893277227645,0.9915667406387887,-0.022160931527337446,4.087914270806358,-3.046913081838909e-06
2022,6.0,3,U1000,4,False,0.13846752577669486,0.76408620767016,0.9850103954451543,0.2032110698763745,15.812554043764715,6.15536638187697e-05
2022,6.0,3,U925,4,False,0.13708972498019972,0.9816486508595035,0.9850711215721925,0.21622648865213812,15.597079991796281,6.55771489812551e-05
2022,6.0,3,U850,4,False,0.13573621125238658,1.0229354833198185,0.9845770589631728,0.00021651557716717562,10.065341997559996,4.071864871946218e-07
2022,6.0,3,U700,4,False,0.12948298961925778,1.1045663068407134,0.9857736824394281,-0.019194106065212324,5.501027621792431,-5.290200511542942e-06
2022,6.0,3,V1000,4,False,0.2594211018789612,0.7975371903658801,0.9848694934793578,0.4720990664690894,21.30499281859669,0.00014512645570097238
2022,6.0,3,V925,4,False,0.32916191059033534,1.0300880789682691,0.98405759810353,0.4867507644655822,23.557941641949263,0.00015868264093787943
2022,6.0,3,V850,4,False,0.42235611117530075,1.059420017417783,0.9823088240844997,0.31057533194961406,17.328180794692283,0.00011276971504659006
2022,6.0,3,V700,4,False,0.522257250300454,1.1682624405118855,0.9825670113531116,0.0004354068823597679,11.061604057640784,6.441402538026608e-07
2022,6.0,3,Q1000,4,False,0.037235507652267665,0.0002692022844569985,0.9847303370899738,0.07336632036067936,6.83508214243731,2.3597790884344327e-05
2022,6.0,3,Q925,4,False,0.07034656446069541,0.00043319420158254495,0.9600627253504598,0.015156859450260463,3.0431020379908635,1.2494104573601561e-05
2022,6.0,3,Q850,4,False,0.10836004271363996,0.0005255886088907907,0.9611475778106955,-0.02587446712312147,2.6624636393328904,-2.009081056852935e-05
2022,6.0,3,Q700,4,False,0.1352458247376625,0.0003953454807757818,0.9710983233946475,-0.007206846845253523,1.6418422415050982,-4.036205741075882e-06
2022,6.0,3,Z1000,4,False,0.03311952183848496,30.248090846659352,0.9986523844759322,0.5831079464265088,55.574959954726864,1.649608306220074e-05
2022,6.0,3,Z925,4,False,0.025576263754063515,28.42575687059499,0.9987611974029016,0.6436040895001938,57.02627198585066,1.6676695784090256e-05
2022,6.0,3,Z850,4,False,0.0191281456087056,26.646076701357476,0.9989211567258679,0.6172470835529964,58.598690717518686,1.3986725839965075e-05
2022,6.0,3,Z700,4,False,0.011917948502843214,25.283185698502106,0.9992132347917583,0.7642268955985299,59.54014807208343,1.2546925297174383e-05
2022,6.0,3,t2m,4,False,0.02769021945068292,0.5427283150927783,0.9793511184763675,0.4267698021399924,37.941487783164476,0.00018577505543182493
2022,6.0,3,u10,4,False,0.14038378449861616,0.6934958936943987,0.9844127901728142,0.21255063227376692,16.46789523009141,6.69911106848664e-05
2022,6.0,3,v10,4,False,0.26084341195880645,0.7251446701204175,0.9839233939792116,0.5199946918594822,21.60072470495947,0.00017000078630258209
2022,6.0,3,mslp,4,False,0.03393155078792997,37.85742864303818,0.9986847683264106,0.5246125265096158,53.99791590196672,1.4403674439500413e-05
2022,6.0,4,T1000,4,True,0.022937784769083595,0.3887890728096731,0.9903577384755764,1.4009314407670281,23.239431368160968,0.00027989159226926574
2022,6.0,4,T925,4,True,0.025603961104670902,0.4092523052142011,0.9918698459438338,0.6022583697445794,13.849810715616895,0.00010077414131282048
2022,6.0,4,T850,4,True,0.02966529398665004,0.4554657564261128,0.9913595693139998,0.28213522659475965,6.479151090181823,4.989956379608529e-05
2022,6.0,4,T700,4,True,0.025880267960070237,0.37047451769068873,0.9932956324426909,0.16225321430392015,3.9372209636351685,2.1946662808525197e-05
2022,6.0,4,U1000,4,True,0.12446989606799481,0.6868450253571393,0.9879202719588825,0.8418398378854164,15.590217255891393,0.00020789149353761527
2022,6.0,4,U925,4,True,0.12243476131422454,0.8767098837833436,0.9881233479672945,0.8328166521560876,15.547258971071043,0.00020373118233807386
2022,6.0,4,U850,4,True,0.12108163651257228,0.9124956517899786,0.9877273645693405,0.45738869568271445,10.12098535003335,0.00011471874733082199
2022,6.0,4,U700,4,True,0.11568379110000881,0.9868510040605603,0.9886284374718469,0.28338785981888437,5.632608114694182,6.573904687012799e-05
2022,6.0,4,V1000,4,True,0.23058494522017578,0.708886321041817,0.9880710842425129,1.0555019210696903,21.828143411174405,0.00026001659001440025
2022,6.0,4,V925,4,True,0.29277121798798195,0.9162060730094206,0.9874217523697637,1.3002708231288018,23.987122334418164,0.00034186919353740297
2022,6.0,4,V850,4,True,0.37632857291880173,0.9439665220732334,0.9859636586666475,1.122517522350619,17.51048237136238,0.0003260343426678691
2022,6.0,4,V700,4,True,0.46862233264492476,1.0482839087631042,0.9859197276651973,0.5340550032024272,10.77197730312276,0.0001531500743434666
2022,6.0,4,Q1000,4,True,0.033758087441182645,0.00024406151130524823,0.9874801153457727,0.3965953494831531,7.051467717594894,0.0001025938795461423
2022,6.0,4,Q925,4,True,0.06289081030476758,0.00038728166332853116,0.9682177072556069,0.10722903299663633,3.219858558830091,7.014968652474529e-05
2022,6.0,4,Q850,4,True,0.09667819862672274,0.0004689270916676661,0.9692679974481723,0.0799837785687707,2.8588734728105636,5.108815886356588e-05
2022,6.0,4,Q700,4,True,0.12075683704641166,0.00035299182452270026,0.9770063951515967,0.05477621755014539,1.86166960662828,2.6741272312058584e-05
2022,6.0,4,Z1000,4,True,0.029488651196383733,26.932013216179456,0.9989307861334464,5.742309568098958,55.328537963417965,0.00013467766186614494
2022,6.0,4,Z925,4,True,0.022751797646516105,25.28661227639374,0.9990184890927835,6.323582518909698,56.80454602795775,0.0001373744913423236
2022,6.0,4,Z850,4,True,0.017044196250021956,23.743072958532576,0.9991420851899336,6.854643901838575,58.374481633985795,0.0001311993816174306
2022,6.0,4,Z700,4,True,0.010635594161245692,22.562750845771284,0.9993723037027175,7.434963304173925,59.372785461944375,0.0001050686661028255
2022,6.0,4,t2m,4,True,0.03424368011241897,0.6711761421811276,0.9679797715904985,1.7100509178074708,22.57294736443123,0.0011240371464572574
2022,6.0,4,u10,4,True,0.12622740464586635,0.6235633859639257,0.9874459813470219,0.875724098584052,16.203682903852535,0.0002248650711876854
2022,6.0,4,v10,4,True,0.23169478201625074,0.6441114879423864,0.9873512393822843,1.0920381887794206,22.1689032644665,0.0002853155770791149
2022,6.0,4,mslp,4,True,0.03017912333911975,33.67084644041847,0.9989583771225276,5.353739334122343,53.760520875400566,0.00012143945676756918
2022,6.0,5,T1000,4,False,0.0149300408823833,0.253060047083205,0.9958997903295592,0.614749103734058,23.864235371172626,5.1267676165256404e-05
2022,6.0,5,T925,4,False,0.01662872941274787,0.26579269907611264,0.9965678186253841,0.2610322890467365,15.0665328611571,1.8092867595354e-05
2022,6.0,5,T850,4,False,0.01894589234280293,0.29088554392637966,0.9964807534552268,0.14168991963121602,6.529760280983654,1.0087461056240699e-05
2022,6.0,5,T700,4,False,0.016435079282261438,0.23526719485189185,0.9972987861010987,0.08135983227666177,3.911072727480691,4.467771901550677e-06
2022,6.0,5,U1000,4,False,0.0807773395446485,0.44574242816138854,0.994934083972417,0.3851250610806489,14.475194524970192,3.933544767298347e-05
2022,6.0,5,U925,4,False,0.07852468646878326,0.5622861376157585,0.9951282646980465,0.47411008488674744,14.845511243712405,4.687996184526977e-05
2022,6.0,5,U850,4,False,0.07688194358755447,0.5793978451556305,0.9950610197705558,0.2045000169255462,10.32717148100194,2.0539315526479918e-05
2022,6.0,5,U700,4,False,0.07353212883373585,0.6272724483218806,0.995409233620687,0.1106625829246366,6.194358044625936,1.0243995456016286e-05
2022,6.0,5,V1000,4,False,0.14873903635587082,0.45726779273585094,0.9950495133601298,0.45004607620713344,20.514514241898794,4.505300390744704e-05
2022,6.0,5,V925,4,False,0.1901894282531346,0.5951838804749691,0.9946959408468702,0.6334426719721731,22.297239027331052,6.891740904457766e-05
2022,6.0,5,V850,4,False,0.24205959904263363,0.6071719552933234,0.9942007779804561,0.5607138000796708,16.408547752349612,6.587037587990618e-05
2022,6.0,5,V700,4,False,0.29885134056184853,0.6685149862217947,0.9942732107286879,0.1368877071203367,10.465002129186018,1.5404368335469876e-05
2022,6.0,5,Q1000,4,False,0.02223270711923978,0.0001607362427896191,0.9945754471866464,0.10061481819607643,6.9669781674463245,1.121802206827116e-05
2022,6.0,5,Q925,4,False,0.04048300197281845,0.00024929435710927623,0.9869459835296492,0.021688941920006144,3.4588121150538997,6.430905341470172e-06
2022,6.0,5,Q850,4,False,0.0606711460871432,0.0002942787981049421,0.9880259861946507,0.022964435175698572,3.820045019728169,6.624719968484349e-06
2022,6.0,5,Q700,4,False,0.07585099873132484,0.00022172477061694013,0.9909771278821121,0.04945791027461954,2.812718826722582,9.285175372464316e-06
2022,6.0,5,Z1000,4,False,0.02255830136872303,20.602518255510123,0.9993693919249402,0.8228823350178383,47.1449934404156,1.0488578301881546e-05
2022,6.0,5,Z925,4,False,0.017850504054521394,19.83925775257266,0.9993910843623923,0.8345971664360352,47.68436642387116,1.0271906929926189e-05
2022,6.0,5,Z850,4,False,0.01374490408424475,19.147060776951665,0.9994381123081547,0.89627903431031,48.35835305169888,1.016029014033748e-05
2022,6.0,5,Z700,4,False,0.008774582588136107,18.61473035905522,0.9995704901650655,1.0129951357685574,48.74270062316535,8.802903261884154e-06
2022,6.0,5,t2m,4,False,0.018398014771610304,0.3606010979843087,0.9908631955222239,1.0373104498693109,32.683101550495266,0.00019373590569204957
2022,6.0,5,u10,4,False,0.0819219615621288,0.404694488749183,0.9947403928820625,0.4261090458788752,14.968613356365356,4.519872011365944e-05
2022,6.0,5,v10,4,False,0.1493908248805587,0.41530648834713163,0.9947611160693559,0.488946315907246,20.835205818800016,5.180595593001769e-05
2022,6.0,5,mslp,4,False,0.022744691405961966,25.376251440398782,0.9994036001743759,0.7559751885150567,46.06954844577614,9.111229869684934e-06
2022,6.0,1,T1000,16,False,0.014186477735072981,0.24045685446271675,0.9963109683318118,0.7355867666467675,19.36214949127173,5.5149116179542546e-05
2022,6.0,1,T925,16,False,0.01618524480593508,0.2587040571138972,0.9967650353719789,0.4561726062534799,12.691002238288885,2.9669783426000684e-05
2022,6.0,1,T850,16,False,0.018781681179582926,0.2883643373038117,0.9965502378079416,0.2974981539636157,7.225502952546659,2.081741355497435e-05
2022,6.0,1,T700,16,False,0.01689740167681487,0.2418853146097624,0.9971564111158927,0.17143477273856567,4.233334967042957,1.0169624805156374e-05
2022,6.0,1,U1000,16,False,0.0824471555780465,0.45495674181695994,0.9946885336244289,0.5655339694872308,14.024270063463895,6.061039723526118e-05
2022,6.0,1,U925,16,False,0.08061943897651852,0.5772858836314441,0.9948450596668917,0.5169981260657375,14.248825509331631,5.3884245483915016e-05
2022,6.0,1,U850,16,False,0.0784489824330851,0.5912073659311134,0.9948855120943888,0.42728973375183443,10.020332655500386,4.41820767626e-05
2022,6.0,1,U700,16,False,0.07564308219236739,0.6452801245618414,0.9951892094347407,0.26951483574844115,5.75041191277903,2.6237684831564856e-05
2022,6.0,1,V1000,16,False,0.15359303087727158,0.47219040306836946,0.9946960623748204,1.0509924371094215,18.726126642066422,0.00011351786476077041
2022,6.0,1,V925,16,False,0.19739082662646132,0.617720120111418,0.9942576520722802,1.1196832829263315,20.17911889490144,0.00013106105710081195
2022,6.0,1,V850,16,False,0.24865348549676763,0.6237117807935246,0.9938998624770382,0.7839049969484368,15.323232545912935,9.706641598072885e-05
2022,6.0,1,V700,16,False,0.3061741983866257,0.6848958348442242,0.9940889002450584,0.4647951763962155,9.84121441772583,5.544227572240601e-05
2022,6.0,1,Q1000,16,False,0.02134801165077902,0.00015434014206986744,0.9949835863604357,0.32682095968976643,6.492476912584378,3.3394295059330226e-05
2022,6.0,1,Q925,16,False,0.04097570789429425,0.0002523284436669856,0.9866181084954956,0.1127882480452369,3.3273304915207746,3.1661135963756415e-05
2022,6.0,1,Q850,16,False,0.060247439389902346,0.00029222365674430194,0.9880731924983083,0.12311246066520898,4.088727577029172,3.0998732145071095e-05
2022,6.0,1,Q700,16,False,0.0760992359216619,0.00022245040930909827,0.9909471136752496,0.15920793333713545,2.8860047839861513,3.0283166510325366e-05
2022,6.0,1,Z1000,16,False,0.024540956830153716,22.41327916280421,0.9992504319240018,1.0974985286760552,43.60570934068444,1.6734684881614115e-05
2022,6.0,1,Z925,16,False,0.019595802644116027,21.779002733661503,0.9992632892570099,1.1601917866570277,43.83167625408906,1.741138483513094e-05
2022,6.0,1,Z850,16,False,0.015204496014047782,21.180315643230315,0.999310141585764,1.1350264497062557,43.93232825297429,1.5964565340476078e-05
2022,6.0,1,Z700,16,False,0.009750245492906248,20.684539075939245,0.9994686594521982,1.2856793709321135,43.66750650940246,1.3961572817522416e-05
2022,6.0,1,t2m,16,False,0.016253865670384504,0.31857577260369513,0.9925311463535119,1.759419694674813,31.13148128676254,0.00026768325048909247
2022,6.0,1,u10,16,False,0.08338667693028141,0.4119301861386371,0.9944895196971023,0.5708650857966346,14.551307458291951,6.346848300009533e-05
2022,6.0,1,v10,16,False,0.15429553803939072,0.42894158932865717,0.9943681772253414,1.0954808054136955,18.949982336519568,0.00012576561706667544
2022,6.0,1,mslp,16,False,0.024722713257603387,27.58312959009931,0.999292740132052,1.0452265208115596,42.613937488180106,1.503217747256258e-05
2022,6.0,2,T1000,16,True,0.022267093557950028,0.37742105201297715,0.9909108314938451,0.7555742863332049,21.618787406155214,0.00014014214407342962
2022,6.0,2,T925,16,True,0.02533014930735367,0.4048757118194991,0.9920542488815131,0.34357976245864563,12.948565533723544,5.574178544642816e-05
2022,6.0,2,T850,16,True,0.029572990887259856,0.4540485802372324,0.9914225674849414,0.15234051013633954,6.909270332725015,2.6633803665743194e-05
2022,6.0,2,T700,16,True,0.026233612817833058,0.37553262324735637,0.9931234746965061,0.10449490249107019,4.183577625450264,1.439588175322637e-05
2022,6.0,2,U1000,16,True,0.12574024415296975,0.6938550162590548,0.9876335172456202,0.39962440799233834,15.366468481151074,9.969054399749933e-05
2022,6.0,2,U925,16,True,0.12412166780721222,0.8887892097172694,0.987761331829439,0.36406502508905536,15.278358577273575,9.077422104075694e-05
2022,6.0,2,U850,16,True,0.12240706200573202,0.922484329867179,0.9874931464159058,0.15752945588262124,10.01845665508333,4.036606528012854e-05
2022,6.0,2,U700,16,True,0.11722559847687448,1.000003521014015,0.988386275410829,0.07059374696407605,5.470231000632642,1.6918416183009377e-05
2022,6.0,2,V1000,16,True,0.23639571110789914,0.7267503277711782,0.9874298854015625,1.0566088340107749,20.22020314226459,0.0002726479007020277
2022,6.0,2,V925,16,True,0.3008295854831619,0.9414241388080159,0.9866663298049525,1.0711766545976498,22.3235228534276,0.0002945783594486828
2022,6.0,2,V850,16,True,0.38297131120650724,0.9606288760629692,0.9854797935475911,0.6012795278732663,16.6954217611749,0.00017844291353519282
2022,6.0,2,V700,16,True,0.47327880049949317,1.0587001901865127,0.9857664270388297,0.17712127429521107,10.56674358808275,5.172376869932993e-05
2022,6.0,2,Q1000,16,True,0.03328706333093905,0.00024065614160660574,0.9877899613194321,0.18107716274768926,6.75644081595056,4.459120390964966e-05
2022,6.0,2,Q925,16,True,0.06355477403065748,0.0003913703479689181,0.9674998794740358,0.06986739395583585,3.059435837311131,4.604236571104092e-05
2022,6.0,2,Q850,16,True,0.09660954943597651,0.00046859411771628905,0.969159989517306,0.03657838177163475,3.0138628788947908,2.277023979546655e-05
2022,6.0,2,Q700,16,True,0.12093651974643325,0.00035351706366829917,0.9769748056107876,0.03593008991586988,1.9117704686329562,1.5834718454565966e-05
2022,6.0,2,Z1000,16,True,0.03015826740520507,27.54357440322083,0.998877395596501,1.5341386003450586,54.46821871501504,3.568702886125319e-05
2022,6.0,2,Z925,16,True,0.02339925187867132,26.006200368977954,0.9989587023681565,1.546275402748154,55.754646756219415,3.35406744195188e-05
2022,6.0,2,Z850,16,True,0.01757206092332396,24.478404083277844,0.999086175397608,1.6686431628930798,57.11421788136282,3.172795138284279e-05
2022,6.0,2,Z700,16,True,0.010920306906960749,23.166750992363063,0.999338077622054,1.758916519172815,58.069739904005644,2.4238008957455648e-05
2022,6.0,2,t2m,16,True,0.03596238887867913,0.7048628395621296,0.9652764724856151,1.1036258132215093,13.25488575610242,0.0007913665628090927
2022,6.0,2,u10,16,True,0.1273463139246634,0.629090791977409,0.9871507474162539,0.41451467459910907,15.998327329880958,0.0001075056508577088
2022,6.0,2,v10,16,True,0.23764520988621615,0.6606536797874276,0.9866408050885801,1.1241179684129743,20.483680921476388,0.0003089207362343416
2022,6.0,2,mslp,16,True,0.0307640423564148,34.32344061413484,0.9989142563356816,1.4066805406589777,53.058379656716696,3.1614068870866596e-05
2022,6.0,3,T1000,16,False,0.025100261385692272,0.42544246751177156,0.9884675309552434,0.6372615854325026,22.991982301019654,0.0001513855064836367
2022,6.0,3,T925,16,False,0.02826647848250165,0.4518098370081596,0.9900936343301536,0.2736497612426225,13.41313470887756,5.572964689826154e-05
2022,6.0,3,T850,16,False,0.03302232644054525,0.5070079255629267,0.9892891912902987,0.1257714986330538,6.732972154757844,2.8047635666661463e-05
2022,6.0,3,T700,16,False,0.02901195596442531,0.4153044499145001,0.9915746890765014,0.024656161768865648,4.132807572690633,4.90152463084037e-06
2022,6.0,3,U1000,16,False,0.1381375503720054,0.7622653552754034,0.9850823146837077,0.44103207252094156,16.01317716022006,0.0001334729023720893
2022,6.0,3,U925,16,False,0.1367502141549578,0.97921753579598,0.9851463749434556,0.4633469150406522,15.806108823307552,0.0001408305202443838
2022,6.0,3,U850,16,False,0.13557772727891448,1.0217411193921022,0.98461371093173,0.11697506428524074,10.170348626384918,3.705915504437218e-05
2022,6.0,3,U700,16,False,0.12942679185989597,1.1040869131465467,0.985786455710071,0.02421587866299202,5.542041738976966,7.483070131319991e-06
2022,6.0,3,V1000,16,False,0.2585115858517365,0.7947410788733352,0.9849769333373085,0.8210383794218012,21.580893158914595,0.0002525663136516698
2022,6.0,3,V925,16,False,0.3280087664394477,1.0264793906930512,0.9841715272860967,0.8353728789926684,23.825739068204655,0.000272611823504576
2022,6.0,3,V850,16,False,0.4213734043032044,1.056955052176497,0.9823926500602229,0.542525291011442,17.5205354516089,0.00019659569076979633
2022,6.0,3,V700,16,False,0.521846427380387,1.1673434517598391,0.9825951751132702,0.07909800679445356,11.131565616826599,2.8807900412375353e-05
2022,6.0,3,Q1000,16,False,0.03719450363423316,0.00026890583882112687,0.984765253611543,0.18340627275750254,6.937676043068109,5.8514312453517014e-05
2022,6.0,3,Q925,16,False,0.07031651478250545,0.0004330091541913563,0.9600976265667088,0.05786701002096217,3.0845187525723294,4.7395320822651854e-05
2022,6.0,3,Q850,16,False,0.10832704118424502,0.0005254285368492622,0.9611719199305069,0.00458885453876734,2.692108215756006,4.25130924286421e-06
2022,6.0,3,Q700,16,False,0.13522358653780747,0.00039528047415130526,0.9711083814110895,0.009237137707440723,1.6580150762217971,6.0218107008624955e-06
2022,6.0,3,Z1000,16,False,0.03280469995370255,29.96056357311614,0.9986780841827553,1.5281280312016032,55.997247900392054,4.2195789885290935e-05
2022,6.0,3,Z925,16,False,0.02531427953380288,28.1345845711084,0.9987866937977694,1.6613371001078736,57.46646288838977,4.2173090651909106e-05
2022,6.0,3,Z850,16,False,0.018922023842269754,26.358942841984177,0.9989444509354867,1.6881793633173214,59.04482445032434,3.7280935458738895e-05
2022,6.0,3,Z700,16,False,0.011779894977810793,24.99031381518652,0.9992314509560734,1.913740864643776,60.00882144985531,3.076308961225127e-05
2022,6.0,3,t2m,16,False,0.027497195562286966,0.5389450346655297,0.9796422183945427,1.1208781354873576,38.37408729208119,0.00047687497360704434
2022,6.0,3,u10,16,False,0.14001648329929645,0.6916814344454478,0.9844949546226032,0.47363527221793156,16.686449263046622,0.00014915556047379042
2022,6.0,3,v10,16,False,0.2599042061798503,0.7225336799978617,0.984040729723712,0.878187353021076,21.883013039827237,0.00028733653080303956
2022,6.0,3,mslp,16,False,0.03362236530556949,37.512471409801286,0.998708841279753,1.431035750464582,54.417088507732124,3.847662778189154e-05
2022,6.0,4,T1000,16,True,0.022898319119514343,0.3881201434311497,0.9903908424529035,1.5705762572472137,23.37150191171422,0.0003129955695964082
2022,6.0,4,T925,16,True,0.02557560685560562,0.4087990911759992,0.9918879675091635,0.7123330691705454,13.94521485695287,0.00011889570664258553
2022,6.0,4,T850,16,True,0.02964562653158832,0.4551637995927861,0.9913710748279538,0.34824603692970024,6.5411534116182946,6.140507775009851e-05
2022,6.0,4,T700,16,True,0.025871455393409237,0.3703483752368446,0.9933002916285596,0.19624926102919105,3.9699315849164085,2.6605848677196953e-05
2022,6.0,4,U1000,16,True,0.12435993014899827,0.6862382119934713,0.9879418133820258,0.9294434958998621,15.66479110567338,0.00022943291668087173
2022,6.0,4,U925,16,True,0.1223172019667381,0.8758680977467952,0.9881465382117276,0.9280349483433925,15.628348761439659,0.000226921426771165
2022,6.0,4,U850,16,True,0.12097563818913198,0.911696831516806,0.9877490776566727,0.5445311411685028,10.199668006956086,0.0001364318346630533
2022,6.0,4,U700,16,True,0.11563426292239717,0.9864284974194784,0.9886383106066062,0.32607994338520463,5.673010014576607,7.561218162943639e-05
2022,6.0,4,V1000,16,True,0.23018005981050949,0.7076415791889087,0.9881134667630123,1.2292391249476897,21.96540581635493,0.00030239911051377355
2022,6.0,4,V925,16,True,0.292264224489414,0.9146194724134925,0.9874662642957681,1.471189676925233,24.11875424498894,0.0003863811195418121
2022,6.0,4,V850,16,True,0.3759947991180021,0.9431292876558397,0.985988887675557,1.210214060734871,17.58364407580458,0.0003512633515774244
2022,6.0,4,V700,16,True,0.4682407072787529,1.047430219193319,0.985942931810129,0.6150556833595111,10.844640670748241,0.0001763542192751988
2022,6.0,4,Q1000,16,True,0.03373219183051069,0.00024387429336832073,0.9874998060248431,0.4730004773780605,7.122767935911723,0.00012228455861651444
2022,6.0,4,Q925,16,True,0.06287468525950234,0.00038718235857155604,0.9682345221676861,0.13284128772363957,3.2446727431911015,8.696459860402239e-05
2022,6.0,4,Q850,16,True,0.09665625642284831,0.0004688206650175824,0.9692822392368161,0.10266174938545758,2.88092074337547,6.532994750740873e-05
2022,6.0,4,Q700,16,True,0.12075230071622843,0.0003529785587405388,0.9770082039676912,0.0585307423157988,1.8653562539534652,2.8550088406520402e-05
2022,6.0,4,Z1000,16,True,0.029309071917573835,26.768003353251693,0.9989439385681489,6.316317784253755,55.60057715851337,0.0001478300965686019
2022,6.0,4,Z925,16,True,0.022595241292289348,25.112613794307258,0.9990321251658328,6.968175030926382,57.101776290730776,0.00015101056439170701
2022,6.0,4,Z850,16,True,0.016920039606491372,23.570119231328047,0.9991546699131494,7.533151389312131,58.67769831664622,0.00014378410483317783
2022,6.0,4,Z700,16,True,0.01054877027351046,22.378559348015123,0.9993825718647382,8.190619850713743,59.70444654834617,0.00011533682812359114
2022,6.0,4,t2m,16,True,0.03411900151073511,0.6687324324421674,0.9682135449120349,2.0679170516725964,22.854853299290255,0.0013578104679936587
2022,6.0,4,u10,16,True,0.12611420983876107,0.623004200848138,0.9874687062770613,0.9646140929683189,16.278827504792737,0.00024759000122709374
2022,6.0,4,v10,16,True,0.23124550374569033,0.6428624937511898,0.9874008874205061,1.2838301559549348,22.319825180932916,0.00033496361530094276
2022,6.0,4,mslp,16,True,0.030008434483815623,33.4804084197807,0.9989703280733312,5.889045204685306,54.02204483263912,0.00013339040757121
2022,6.0,5,T1000,16,False,0.014921346852379388,0.2529126890955994,0.9959046505785966,0.6726229139965678,23.908570589493095,5.612792520259813e-05
2022,6.0,5,T925,16,False,0.016631840290738362,0.2658424185946578,0.9965663073436598,0.2423732711659965,15.050643634324413,1.6581585871033866e-05
2022,6.0,5,T850,16,False,0.018939215035759766,0.2907830251265965,0.9964831154746875,0.1768840706985575,6.562703014886562,1.2449480516929512e-05
2022,6.0,5,T700,16,False,0.016432233090190103,0.2352264536404171,0.9972996371781674,0.09866352984573279,3.9277132035166806,5.31884897025936e-06
2022,6.0,5,U1000,16,False,0.08072073158793172,0.44543005691071863,0.9949412124267217,0.4549341753777636,14.535129458626495,4.646390197771133e-05
2022,6.0,5,U925,16,False,0.07844597178707255,0.5617224912691272,0.9951379579752393,0.5738767837293879,14.930871768919395,5.657323903807132e-05
2022,6.0,5,U850,16,False,0.07683797012119521,0.5790664518540224,0.9950666466714876,0.26157914183493336,10.378460833536707,2.616621645823436e-05
2022,6.0,5,U700,16,False,0.07350891026114956,0.627074385886239,0.9954120584255232,0.14220373191896618,6.223978200349556,1.3068800292170835e-05
2022,6.0,5,V1000,16,False,0.14868706751744729,0.4571080177313927,0.9950529916491189,0.48482844132987646,20.542286160203393,4.853129289650315e-05
2022,6.0,5,V925,16,False,0.18993853335590047,0.5943987203234454,0.9947102009476503,0.7645254688358416,22.399743285365293,8.317750982467231e-05
2022,6.0,5,V850,16,False,0.24174916059683974,0.6063932692371914,0.994215707550324,0.6882434563331374,16.51575275731554,8.079994574772265e-05
2022,6.0,5,V700,16,False,0.2987913031632651,0.6683806925416699,0.9942755401889306,0.15694959295708966,10.482989160277246,1.7733828578170296e-05
2022,6.0,5,Q1000,16,False,0.022227668828492947,0.00016069981907958008,0.9945773469728385,0.12325363340091045,6.9880609537455785,1.311780826040998e-05
2022,6.0,5,Q925,16,False,0.04047757979369773,0.00024926096979019575,0.9869487895579272,0.03507975496068738,3.471742569509584,9.236933619427568e-06
2022,6.0,5,Q850,16,False,0.06065865054500208,0.0002942181893646143,0.9880303679466068,0.043555232310965586,3.839853788114722,1.10064719246461e-05
2022,6.0,5,Q700,16,False,0.07582983749021499,0.0002216629123996384,0.990981529492021,0.0773425466748967,2.83983255658925,1.3686785281352698e-05
2022,6.0,5,Z1000,16,False,0.02250009211690573,20.54935556965237,0.9993726415706182,1.0787981383539536,47.28138005642639,1.3738223979875563e-05
2022,6.0,5,Z925,16,False,0.017804793818526145,19.788454789665778,0.9993942141723713,1.088532514829621,47.818332386384135,1.3401716908889583e-05
2022,6.0,5,Z850,16,False,0.01370972758380246,19.098058935466167,0.9994409956254291,1.1499091842928189,48.49051639060495,1.3043607414719993e-05
2022,6.0,5,Z700,16,False,0.008749238044051005,18.560963833627486,0.999572945252235,1.298909648901725,48.89075243881478,1.1257990431334797e-05
2022,6.0,5,t2m,16,False,0.018362221081837486,0.3598995403982391,0.9908988102258346,1.229844255979029,32.81406786449605,0.00022935060930273643
2022,6.0,5,u10,16,False,0.08186145275312764,0.40439558052836394,0.9947481652165596,0.4996558388798644,15.03141883410799,5.2971054610773116e-05
2022,6.0,5,v10,16,False,0.14932874454361655,0.4151339037373587,0.9947654981374322,0.5302987868311737,20.868103268162475,5.618802400630951e-05
2022,6.0,5,mslp,16,False,0.02269473342788879,25.320514355256734,0.999406240353665,0.9739614749382008,46.188004936046056,1.1751409158766712e-05
2022,6.0,1,T1000,21,False,0.014188531360096044,0.2404916719365275,0.9963099224609506,0.7212173166167735,19.350476409996496,5.410324531840427e-05
2022,6.0,1,T925,21,False,0.01618788320012259,0.25874623373097294,0.9967639946435763,0.4399457367345372,12.676769796643816,2.8629055023432493e-05
2022,6.0,1,T850,21,False,0.01878312661330709,0.2883865275346386,0.9965496830495009,0.2898250730943519,7.21836304928174,2.0262655114233752e-05
2022,6.0,1,T700,21,False,0.01689842575614197,0.24189997501225732,0.9971560650796086,0.16538458988449856,4.227530958606551,9.823588521085114e-06
2022,6.0,1,U1000,21,False,0.08246833572910256,0.45507361787738837,0.9946858196820583,0.5399898861778718,14.002183444047557,5.789645486464767e-05
2022,6.0,1,U925,21,False,0.08064318427906288,0.5774559158307782,0.9948420322622727,0.48769683090037486,14.223568727497572,5.085684086492126e-05
2022,6.0,1,U850,21,False,0.0784642966026795,0.5913227692807266,0.994883478919589,0.40785196254436995,10.00276755977798,4.2148901962746343e-05
2022,6.0,1,U700,21,False,0.07564713467708906,0.6453146989506287,0.9951886694510591,0.26417189815653996,5.745362607480031,2.5697701150018126e-05
2022,6.0,1,V1000,21,False,0.1536162200201215,0.47226169863000284,0.9946944903263957,1.0360533304446973,18.713856088848612,0.00011194581633600098
2022,6.0,1,V925,21,False,0.19744500289849526,0.6178896698265267,0.9942545416670617,1.0925443979597826,20.157211099880534,0.0001279506518823137
2022,6.0,1,V850,21,False,0.2487270339635802,0.6238962674689761,0.9938962582850004,0.7545581665349244,15.298186259477609,9.346222394290837e-05
2022,6.0,1,V700,21,False,0.3062148861781127,0.6849868475824279,0.9940873369653122,0.45156784476336753,9.829233127702619,5.387899597619761e-05
2022,6.0,1,Q1000,21,False,0.021351776139767124,0.00015436735883588698,0.994981808427031,0.3092446818122485,6.4759878808784865,3.161636165460724e-05
2022,6.0,1,Q925,21,False,0.04097759725865483,0.00025234007867350487,0.9866168794227275,0.1081825109473189,3.322872974962854,3.043206319564007e-05
2022,6.0,1,Q850,21,False,0.06024953371067569,0.0002922338144253649,0.9880723298059015,0.1196405414854218,4.085393510515023,3.0136039738337672e-05
2022,6.0,1,Q700,21,False,0.07610016908360577,0.00022245313880395054,0.9909468303090018,0.1579836421011782,2.884813929919683,2.999980026252569e-05
2022,6.0,1,Z1000,21,False,0.02455295836221017,22.42424047311529,0.9992496902131421,1.049131158565486,43.57813022501128,1.59929740219944e-05
2022,6.0,1,Z925,21,False,0.019606108727355496,21.790456948579884,0.9992625227139665,1.1082086497924748,43.80213546770434,1.6644841791757514e-05
2022,6.0,1,Z850,21,False,0.015212099387634861,21.19090762722235,0.999309439141087,1.0855866440142248,43.904290266443425,1.5262120663495082e-05
2022,6.0,1,Z700,21,False,0.00975496499129256,20.694551109477153,0.9994681231257057,1.2378977968934168,43.64023938958284,1.3425246324971774e-05
2022,6.0,1,t2m,21,False,0.01623560339577297,0.3182178313815273,0.9925469870228255,1.869799372464398,31.208859544115942,0.0002835239198026862
2022,6.0,1,u10,21,False,0.08341018313611483,0.41204630864853414,0.9944864443765006,0.5428366069415991,14.527219982582128,6.039316239836445e-05
2022,6.0,1,v10,21,False,0.1543122889469141,0.4289881567376417,0.9943669985114215,1.0847433565170927,18.941183239877503,0.00012458690314676168
2022,6.0,1,mslp,21,False,0.02473367639278742,27.595362165797415,0.999292125756146,1.0013456349454386,42.588489991603126,1.4417801566524169e-05
2022,6.0,2,T1000,21,True,0.02226827603760676,0.3774410930877347,0.9909099799443848,0.7503039750487384,21.614625022361345,0.00013929059461315063
2022,6.0,2,T925,21,True,0.02533031083425204,0.404878290411524,0.9920541478966387,0.3429442670942806,12.948010418629774,5.564080057207654e-05
2022,6.0,2,T850,21,True,0.029573297751421347,0.4540533002549103,0.9914223373889879,0.15130444082488426,6.908304376700791,2.640370771223033e-05
2022,6.0,2,T700,21,True,0.026234373792667184,0.37554352250205486,0.9931230219710978,0.10159717102155019,4.180798218487558,1.3943156344953245e-05
2022,6.0,2,U1000,21,True,0.12572903844608038,0.6937931754377991,0.987635698134454,0.40850058460925043,15.374010844008733,0.00010187143283124644
2022,6.0,2,U925,21,True,0.12411667793176366,0.8887534652535994,0.987762404264149,0.3680705377002602,15.281764513126394,9.184665575068252e-05
2022,6.0,2,U850,21,True,0.12241076684691601,0.9225122457032217,0.9874924752349592,0.15450756735166937,10.015733222937174,3.9694884333529856e-05
2022,6.0,2,U700,21,True,0.11722810516941358,1.0000249162937505,0.9883857529281707,0.06845690739707422,5.46820962416067,1.6395933524648854e-05
2022,6.0,2,V1000,21,True,0.23639664874899313,0.7267532175232019,0.9874299405311154,1.0562163844646255,20.219886703291767,0.00027270303025495046
2022,6.0,2,V925,21,True,0.30081091229832974,0.941365711373462,0.9866682863286405,1.0773173943809167,22.328344411162824,0.00029653488313663434
2022,6.0,2,V850,21,True,0.3829242243619155,0.9605107716790887,0.9854834801153725,0.6135007360069666,16.705664172589373,0.00018212948131657303
2022,6.0,2,V700,21,True,0.47320604531378596,1.0585374295172338,0.9857708649688126,0.19246663113741125,10.580491791407686,5.6161698682277716e-05
2022,6.0,2,Q1000,21,True,0.033288773127620096,0.00024066850144139904,0.9877885321446365,0.17594994376547435,6.751651341840558,4.316202911403e-05
2022,6.0,2,Q925,21,True,0.0635542103507548,0.0003913668774636088,0.9675004320053159,0.07075369413204191,3.0602956224115685,4.659489699110342e-05
2022,6.0,2,Q850,21,True,0.09660794374889531,0.00046858632846026984,0.9691609564024393,0.038239811471096896,3.0154748250050822,2.373712492875768e-05
2022,6.0,2,Q700,21,True,0.12093310177273235,0.0003535070708506225,0.9769759441822984,0.03875532883216293,1.9145426915281538,1.6973289965305227e-05
2022,6.0,2,Z1000,21,True,0.030163300555562555,27.54817125974547,0.9988771506309598,1.5177055115722538,54.460619860008805,3.544206332006805e-05
2022,6.0,2,Z925,21,True,0.023401622648671416,26.008835245032074,0.9989586604546082,1.5363002489319877,55.75016389682468,3.349876087122006e-05
2022,6.0,2,Z850,21,True,0.017572371054513813,24.47883633870929,0.9990862656146519,1.666907702218945,57.11346098558978,3.1818168426678284e-05
2022,6.0,2,Z700,21,True,0.010919202301377837,23.16440760166185,0.9993382784050836,1.7688537535572313,58.07398121331953,2.4438791987102526e-05
2022,6.0,2,t2m,21,True,0.035942244190258515,0.7044680047914809,0.9653159524176652,1.1590235970184048,13.303476891256116,0.0008308464948592054
2022,6.0,2,u10,21,True,0.12733626565509257,0.6290411567525681,0.9871527858571634,0.4223724740991641,16.004955487582397,0.00010954409176722191
2022,6.0,2,v10,21,True,0.23764674431822091,0.6606579361237223,0.9866408635659465,1.123479544781547,20.483167499030575,0.0003089792136007352
2022,6.0,2,mslp,21,True,0.030770901264732364,34.33109339718786,0.998913905788541,1.3846989515341912,53.047913923167044,3.126352173021818e-05
2022,6.0,3,T1000,21,False,0.025094009218621052,0.42533649137210616,0.9884732651886863,0.6620116241542462,23.011164053156786,0.0001571197399264923
2022,6.0,3,T925,21,False,0.028264355168945706,0.45177589411378793,0.990095106161901,0.2811409777900953,13.419638917208754,5.7201478645629855e-05
2022,6.0,3,T850,21,False,0.03302011141702556,0.506973915759863,0.9892906591286676,0.13247071667694676,6.7392281846187725,2.9515474035624045e-05
2022,6.0,3,T700,21,False,0.029011667176351102,0.41530031172346055,0.9915748629057489,0.02565132690184324,4.133761844850525,5.075353878392086e-06
2022,6.0,3,U1000,21,False,0.13815925198966714,0.7623851017455751,0.9850776009558823,0.4253912083899358,15.99998270358618,0.00012875917454668873
2022,6.0,3,U925,21,False,0.1367615701541126,0.9792988473197513,0.9851439138035551,0.45508120112356387,15.799117201664025,0.00013836938034395008
2022,6.0,3,U850,21,False,0.13558272065909185,1.0217787468585913,0.9846126091257871,0.11329633381247373,10.167040165552066,3.5957349101445324e-05
2022,6.0,3,U700,21,False,0.129429356818808,1.104108797287306,0.9857859635290069,0.022234574987123334,5.540169786668092,6.990889067304273e-06
2022,6.0,3,V1000,21,False,0.25848060254529365,0.7946458160662683,0.9849805809843185,0.8329252437975332,21.59029189905317,0.00025621396066166646
2022,6.0,3,V925,21,False,0.3278994733668439,1.0261373743531415,0.9841825039139404,0.868414699518727,23.8511204600526,0.00028358845134823785
2022,6.0,3,V850,21,False,0.4212950794330873,1.0567585884570536,0.982399493554232,0.5610124420969198,17.53586673090206,0.00020343918477883083
2022,6.0,3,V700,21,False,0.5218776602163299,1.1674133179361275,0.9825931989976291,0.07311767814702774,11.126246785296946,2.683178477125292e-05
2022,6.0,3,Q1000,21,False,0.037192616252676565,0.0002688921944646867,0.9847670249618282,0.18847132215017437,6.942398356762025,6.0285662738746026e-05
2022,6.0,3,Q925,21,False,0.07031727124512087,0.0004330138086288263,0.9600967660010719,0.05679183603733984,3.083476139202679,4.653475518567873e-05
2022,6.0,3,Q850,21,False,0.10832999683196423,0.0005254428756568178,0.9611698074572519,0.0018605310689090437,2.6894532198725285,2.1388359878748986e-06
2022,6.0,3,Q700,21,False,0.13522481375927434,0.000395284059155714,0.9711078533588593,0.008329671681617246,1.657122573677805,5.493758470698218e-06
2022,6.0,3,Z1000,21,False,0.0327717899612534,29.930506835174047,0.998680683835983,1.6269159660865506,56.041391887119076,4.479544311297712e-05
2022,6.0,3,Z925,21,False,0.02528870351022947,28.106158895460123,0.9987890919812733,1.7606925629859216,57.50943621284779,4.457127415580242e-05
2022,6.0,3,Z850,21,False,0.018902491420796943,26.331733638928483,0.9989465880833402,1.7896625837403701,59.08710078170398,3.941808331231478e-05
2022,6.0,3,Z700,21,False,0.011767413146812148,24.963834339964812,0.9992330651238727,2.0176718514754,60.05119560794753,3.2377257411564386e-05
2022,6.0,3,t2m,21,False,0.027491469372084916,0.5388328081897868,0.9796510833099745,1.1414693502359796,38.38692066255132,0.0004857398890388831
2022,6.0,3,u10,21,False,0.14003350447687435,0.6917655145231199,0.9844911556716084,0.4615362972415826,16.676321207346867,0.0001453566094790082
2022,6.0,3,v10,21,False,0.25985656084131925,0.7224012247073243,0.9840466923866577,0.8963582490938649,21.8973333555445,0.0002932991937486529
2022,6.0,3,mslp,21,False,0.033592745067696335,37.47942432076803,0.9987110603117481,1.5178718829450655,54.45724560759946,4.069565977693479e-05
2022,6.0,4,T1000,21,True,0.022903187509656604,0.38820267256549623,0.9903866804168885,1.5496492698226616,23.355209998637015,0.0003088335335813541
2022,6.0,4,T925,21,True,0.025575105629951717,0.40879107793890435,0.9918882090882833,0.7142788891099427,13.946901341508177,0.00011913728576240512
2022,6.0,4,T850,21,True,0.029642582437001894,0.4551170633299664,0.9913728222586781,0.3584785535015289,6.550750023403518,6.315250847432896e-05
2022,6.0,4,T700,21,True,0.025869232205870788,0.3703165433776264,0.9933014028442974,0.20482560323952237,3.9781836468190113,2.7717064414956027e-05
2022,6.0,4,U1000,21,True,0.12432781152742932,0.6860609830291517,0.9879480966635692,0.9550305938434533,15.686572483776207,0.00023571619822426726
2022,6.0,4,U925,21,True,0.12228866384269495,0.8756637475416653,0.9881522063970176,0.9511496695958743,15.64803371670398,0.00023258961206118478
2022,6.0,4,U850,21,True,0.1209578046626917,0.9115624329747073,0.9877526912786958,0.5591922891489909,10.212905850698151,0.0001400454566861109
2022,6.0,4,U700,21,True,0.11562126666858298,0.9863176351562265,0.9886408806830151,0.33728239783921143,5.683611522057152,7.818225803835066e-05
2022,6.0,4,V1000,21,True,0.23009750671010568,0.7073877851226571,0.9881220784666259,1.264662838653341,21.993392591985796,0.0003110108141274326
2022,6.0,4,V925,21,True,0.2921567363383208,0.9142830907202025,0.9874755606217359,1.5074263380134845,24.1466616456402,0.00039567744550961237
2022,6.0,4,V850,21,True,0.37586916983344804,0.9428141731664191,0.9859982416289339,1.2432222038206597,17.611181445615543,0.00036061730495429156
2022,6.0,4,V700,21,True,0.4681302105724412,1.0471830507891804,0.9859495797893791,0.6385088108498138,10.865679793154248,0.00018300219852529498
2022,6.0,4,Q1000,21,True,0.03373252977325531,0.00024387673831970105,0.9874994730525143,0.47200337563170214,7.121837454226021,0.00012195158628769409
2022,6.0,4,Q925,21,True,0.06287277960487174,0.0003871706271143981,0.9682364646777841,0.13586813887461746,3.247605278545518,8.890710870201879e-05
2022,6.0,4,Q850,21,True,0.096652122141705,0.0004688006113587984,0.9692848697336296,0.10693466142530639,2.8850748208546273,6.796044432089143e-05
2022,6.0,4,Q700,21,True,0.12074821526220345,0.00035296661290337743,0.9770097920518185,0.06191209633903405,1.8686764770291742,3.013817253383344e-05
2022,6.0,4,Z1000,21,True,0.0292656544432543,26.728349736118997,0.9989470195657411,6.455097643206676,55.666348971638115,0.0001509110941607661
2022,6.0,4,Z925,21,True,0.022559321110074325,25.0726913570925,0.9990351253743909,7.116069893453281,57.1699725977498,0.00015401077294974197
2022,6.0,4,Z850,21,True,0.016889819966025052,23.528022413046603,0.9991576422045905,7.698299638669459,58.75150104578597,0.0001467563962742613
2022,6.0,4,Z700,21,True,0.010528868893124049,22.336339416125682,0.9993848882292152,8.363828039916587,59.78046840836677,0.00011765319260059748
2022,6.0,4,t2m,21,True,0.034101805660651074,0.6683954076271182,0.9682454605212647,2.1172744578753178,22.893734166802137,0.0013897260772234299
2022,6.0,4,u10,21,True,0.1260771763922746,0.6228212607776106,0.9874761440138705,0.9936958409247465,16.30341223291616,0.0002550277380363175
2022,6.0,4,v10,21,True,0.2311708282033604,0.6426548921631179,0.9874091138554517,1.3157083261266078,22.344910248918826,0.0003431900502465224
2022,6.0,4,mslp,21,True,0.02996447530996443,33.43136369247631,0.9989733009411046,6.026907772137136,54.08939766057868,0.00013636327534460868
2022,6.0,5,T1000,21,False,0.014910988255378534,0.2527371085199424,0.995910309029558,0.7415772973082602,23.961394269572388,6.178637616405247e-05
2022,6.0,5,T925,21,False,0.01662484556309488,0.265730617424495,0.9965692119426336,0.28432758392578084,15.086370144492856,1.948618484481912e-05
2022,6.0,5,T850,21,False,0.018936201893971254,0.29073676380589597,0.9964842413003298,0.19276546818509654,6.577568458022398,1.3575306159196998e-05
2022,6.0,5,T700,21,False,0.016431436840761798,0.23521506208005116,0.9972998823347755,0.10350440458349874,3.9323685356932536,5.5640055783845455e-06
2022,6.0,5,U1000,21,False,0.08070062772110059,0.4453191223405021,0.9949437347877366,0.4797263286160369,14.556414874929136,4.898626299254527e-05
2022,6.0,5,U925,21,False,0.07842764163840066,0.5615912355045412,0.9951402522970108,0.5971092783866094,14.950749523408769,5.886756080952793e-05
2022,6.0,5,U850,21,False,0.07682381725557927,0.5789597891513228,0.9950684573188979,0.2799500652849618,10.394968318027987,2.79768638685729e-05
2022,6.0,5,U700,21,False,0.07350230307372363,0.6270180160595507,0.995412887475529,0.15117923126373167,6.2324070527143505,1.3897850298039138e-05
2022,6.0,5,V1000,21,False,0.1485991246380947,0.4568376606613394,0.9950588944757889,0.5436879700855379,20.589282447496682,5.443411956651545e-05
2022,6.0,5,V925,21,False,0.18984394895186027,0.5941027223116425,0.9947155703975817,0.8139421303859695,22.438386176331328,8.854695975613058e-05
2022,6.0,5,V850,21,False,0.24169431241511224,0.6062556905577705,0.9942183614149572,0.7107753619543855,16.534693708973226,8.345381038099564e-05
2022,6.0,5,V700,21,False,0.29874950067517986,0.6682871697233297,0.9942770901760887,0.1709181652710945,10.49551306488703,1.9283815736237386e-05
2022,6.0,5,Q1000,21,False,0.02222181237814067,0.00016065747529044833,0.9945802206393165,0.14956872793270293,7.012567338441,1.599147473840823e-05
2022,6.0,5,Q925,21,False,0.04047430741180175,0.0002492408177741318,0.9869508634633704,0.04316134968325169,3.4795463296077855,1.1310839062583788e-05
2022,6.0,5,Q850,21,False,0.060653298054856634,0.0002941922297759239,0.9880323940279359,0.05237534091518947,3.8483389131605206,1.3032553253689017e-05
2022,6.0,5,Q700,21,False,0.07582738327679507,0.00022165574162402363,0.990982033523173,0.08057651809026956,2.8429771207174825,1.4190816433390374e-05
2022,6.0,5,Z1000,21,False,0.022489416296594844,20.53960527002992,0.9993732379365081,1.1257341673499677,47.30639393239772,1.4334589869768877e-05
2022,6.0,5,Z925,21,False,0.01779663625125257,19.779388227628807,0.9993947543682027,1.133850475731757,47.84224029951945,1.3941912740289553e-05
2022,6.0,5,Z850,21,False,0.013702706970213217,19.08827871130238,0.9994415444949687,1.2005293214645163,48.5168938790264,1.359247695431609e-05
2022,6.0,5,Z700,21,False,0.008744187350897084,18.550249092232438,0.9995734493499229,1.3558870586842575,48.920256393954595,1.1762088119260383e-05
2022,6.0,5,t2m,21,False,0.018359783437209832,0.35985176364750643,0.9909012237060073,1.2429563157047574,32.82298701571388,0.00023176408947545024
2022,6.0,5,u10,21,False,0.0818407282692116,0.40429319926754786,0.9947508371451558,0.5248458790374277,15.0529299352981,5.564298320692718e-05
2022,6.0,5,v10,21,False,0.1492426769488478,0.41489463948704497,0.9947715646628345,0.587629463265571,20.913711982291915,6.225454940855801e-05
2022,6.0,5,mslp,21,False,0.02268467229658946,25.309288216736594,0.9994067541853024,1.0178621437351598,46.2118611117327,1.2265240796227594e-05
