model,channel,tau_hours,acc
Bilinear,T1000,1,0.993607
Bilinear,T925,1,0.995269
Bilinear,T850,1,0.995816
Bilinear,T700,1,0.997018
Bilinear,U1000,1,0.992742
Bilinear,U925,1,0.993016
Bilinear,U850,1,0.993595
Bilinear,U700,1,0.994456
Bilinear,V1000,1,0.992053
Bilinear,V925,1,0.991115
Bilinear,V850,1,0.991453
Bilinear,V700,1,0.992677
Bilinear,Q1000,1,0.993431
Bilinear,Q925,1,0.985819
Bilinear,Q850,1,0.986788
Bilinear,Q700,1,0.989770
Bilinear,Z1000,1,0.997582
Bilinear,Z925,1,0.997636
Bilinear,Z850,1,0.997811
Bilinear,Z700,1,0.998347
Bilinear,t2m,1,0.986098
Bilinear,u10,1,0.992397
Bilinear,v10,1,0.991528
Bilinear,mslp,1,0.997804
Bilinear,T1000,2,0.984289
Bilinear,T925,2,0.988350
Bilinear,T850,2,0.989587
Bilinear,T700,2,0.992654
Bilinear,U1000,2,0.982148
Bilinear,U925,2,0.982619
Bilinear,U850,2,0.984052
Bilinear,U700,2,0.986366
Bilinear,V1000,2,0.979990
Bilinear,V925,2,0.977698
Bilinear,V850,2,0.978500
Bilinear,V700,2,0.981635
Bilinear,Q1000,2,0.983532
Bilinear,Q925,2,0.964570
Bilinear,Q850,2,0.965991
Bilinear,Q700,2,0.973885
Bilinear,Z1000,2,0.994374
Bilinear,Z925,2,0.994528
Bilinear,Z850,2,0.994957
Bilinear,Z700,2,0.996226
Bilinear,t2m,2,0.963224
Bilinear,u10,2,0.981209
Bilinear,v10,2,0.978611
Bilinear,mslp,2,0.994896
Bilinear,T1000,3,0.980706
Bilinear,T925,3,0.985485
Bilinear,T850,3,0.986825
Bilinear,T700,3,0.990664
Bilinear,U1000,3,0.977467
Bilinear,U925,3,0.977996
Bilinear,U850,3,0.979706
Bilinear,U700,3,0.982675
Bilinear,V1000,3,0.974569
Bilinear,V925,3,0.971767
Bilinear,V850,3,0.972641
Bilinear,V700,3,0.976563
Bilinear,Q1000,3,0.978231
Bilinear,Q925,3,0.954918
Bilinear,Q850,3,0.955897
Bilinear,Q700,3,0.965822
Bilinear,Z1000,3,0.992907
Bilinear,Z925,3,0.993076
Bilinear,Z850,3,0.993579
Bilinear,Z700,3,0.995159
Bilinear,t2m,3,0.959798
Bilinear,u10,3,0.976266
Bilinear,v10,3,0.972807
Bilinear,mslp,3,0.993555
Bilinear,T1000,4,0.986025
Bilinear,T925,4,0.989025
Bilinear,T850,4,0.989673
Bilinear,T700,4,0.992525
Bilinear,U1000,4,0.981543
Bilinear,U925,4,0.982090
Bilinear,U850,4,0.983679
Bilinear,U700,4,0.986058
Bilinear,V1000,4,0.979377
Bilinear,V925,4,0.977206
Bilinear,V850,4,0.978247
Bilinear,V700,4,0.981404
Bilinear,Q1000,4,0.983003
Bilinear,Q925,4,0.964170
Bilinear,Q850,4,0.966301
Bilinear,Q700,4,0.974015
Bilinear,Z1000,4,0.994308
Bilinear,Z925,4,0.994419
Bilinear,Z850,4,0.994809
Bilinear,Z700,4,0.996065
Bilinear,t2m,4,0.972173
Bilinear,u10,4,0.980635
Bilinear,v10,4,0.978018
Bilinear,mslp,4,0.994832
Bilinear,T1000,5,0.994850
Bilinear,T925,5,0.995816
Bilinear,T850,5,0.996001
Bilinear,T700,5,0.997013
Bilinear,U1000,5,0.992679
Bilinear,U925,5,0.992979
Bilinear,U850,5,0.993568
Bilinear,U700,5,0.994405
Bilinear,V1000,5,0.991975
Bilinear,V925,5,0.991082
Bilinear,V850,5,0.991466
Bilinear,V700,5,0.992645
Bilinear,Q1000,5,0.993453
Bilinear,Q925,5,0.986133
Bilinear,Q850,5,0.986997
Bilinear,Q700,5,0.989823
Bilinear,Z1000,5,0.997625
Bilinear,Z925,5,0.997643
Bilinear,Z850,5,0.997776
Bilinear,Z700,5,0.998283
Bilinear,t2m,5,0.991964
Bilinear,u10,5,0.992356
Bilinear,v10,5,0.991463
Bilinear,mslp,5,0.997838
FuXi 24ch,T1000,1,0.996487
FuXi 24ch,T925,1,0.996936
FuXi 24ch,T850,1,0.996805
FuXi 24ch,T700,1,0.997447
FuXi 24ch,U1000,1,0.996374
FuXi 24ch,U925,1,0.996612
FuXi 24ch,U850,1,0.996139
FuXi 24ch,U700,1,0.996409
FuXi 24ch,V1000,1,0.996987
FuXi 24ch,V925,1,0.997024
FuXi 24ch,V850,1,0.996695
FuXi 24ch,V700,1,0.997162
FuXi 24ch,Q1000,1,0.994455
FuXi 24ch,Q925,1,0.987156
FuXi 24ch,Q850,1,0.988356
FuXi 24ch,Q700,1,0.991209
FuXi 24ch,Z1000,1,0.999323
FuXi 24ch,Z925,1,0.999323
FuXi 24ch,Z850,1,0.999348
FuXi 24ch,Z700,1,0.999472
FuXi 24ch,t2m,1,0.993137
FuXi 24ch,u10,1,0.996278
FuXi 24ch,v10,1,0.996832
FuXi 24ch,mslp,1,0.999366
FuXi 24ch,T1000,2,0.991652
FuXi 24ch,T925,2,0.992606
FuXi 24ch,T850,2,0.992162
FuXi 24ch,T700,2,0.993795
FuXi 24ch,U1000,2,0.991650
FuXi 24ch,U925,2,0.992114
FuXi 24ch,U850,2,0.990800
FuXi 24ch,U700,2,0.991488
FuXi 24ch,V1000,2,0.992826
FuXi 24ch,V925,2,0.992975
FuXi 24ch,V850,2,0.992085
FuXi 24ch,V700,2,0.993064
FuXi 24ch,Q1000,2,0.986391
FuXi 24ch,Q925,2,0.968402
FuXi 24ch,Q850,2,0.970421
FuXi 24ch,Q700,2,0.977789
FuXi 24ch,Z1000,2,0.998907
FuXi 24ch,Z925,2,0.998954
FuXi 24ch,Z850,2,0.999022
FuXi 24ch,Z700,2,0.999226
FuXi 24ch,t2m,2,0.979066
FuXi 24ch,u10,2,0.991409
FuXi 24ch,v10,2,0.992457
FuXi 24ch,mslp,2,0.998959
FuXi 24ch,T1000,3,0.989804
FuXi 24ch,T925,3,0.990780
FuXi 24ch,T850,3,0.990064
FuXi 24ch,T700,3,0.992121
FuXi 24ch,U1000,3,0.989622
FuXi 24ch,U925,3,0.990187
FuXi 24ch,U850,3,0.988369
FuXi 24ch,U700,3,0.989208
FuXi 24ch,V1000,3,0.991032
FuXi 24ch,V925,3,0.991293
FuXi 24ch,V850,3,0.989947
FuXi 24ch,V700,3,0.991035
FuXi 24ch,Q1000,3,0.982229
FuXi 24ch,Q925,3,0.960049
FuXi 24ch,Q850,3,0.961871
FuXi 24ch,Q700,3,0.970971
FuXi 24ch,Z1000,3,0.998740
FuXi 24ch,Z925,3,0.998804
FuXi 24ch,Z850,3,0.998880
FuXi 24ch,Z700,3,0.999094
FuXi 24ch,t2m,3,0.984954
FuXi 24ch,u10,3,0.989337
FuXi 24ch,v10,3,0.990583
FuXi 24ch,mslp,3,0.998786
FuXi 24ch,T1000,4,0.992057
FuXi 24ch,T925,4,0.992660
FuXi 24ch,T850,4,0.991951
FuXi 24ch,T700,4,0.993596
FuXi 24ch,U1000,4,0.990822
FuXi 24ch,U925,4,0.991380
FuXi 24ch,U850,4,0.990243
FuXi 24ch,U700,4,0.991006
FuXi 24ch,V1000,4,0.992048
FuXi 24ch,V925,4,0.992239
FuXi 24ch,V850,4,0.991382
FuXi 24ch,V700,4,0.992492
FuXi 24ch,Q1000,4,0.985360
FuXi 24ch,Q925,4,0.967446
FuXi 24ch,Q850,4,0.970289
FuXi 24ch,Q700,4,0.977343
FuXi 24ch,Z1000,4,0.998755
FuXi 24ch,Z925,4,0.998799
FuXi 24ch,Z850,4,0.998876
FuXi 24ch,Z700,4,0.999119
FuXi 24ch,t2m,4,0.983051
FuXi 24ch,u10,4,0.990601
FuXi 24ch,v10,4,0.991680
FuXi 24ch,mslp,4,0.998811
FuXi 24ch,T1000,5,0.997039
FuXi 24ch,T925,5,0.997144
FuXi 24ch,T850,5,0.996843
FuXi 24ch,T700,5,0.997404
FuXi 24ch,U1000,5,0.996229
FuXi 24ch,U925,5,0.996509
FuXi 24ch,U850,5,0.996016
FuXi 24ch,U700,5,0.996272
FuXi 24ch,V1000,5,0.996842
FuXi 24ch,V925,5,0.996910
FuXi 24ch,V850,5,0.996574
FuXi 24ch,V700,5,0.997034
FuXi 24ch,Q1000,5,0.994434
FuXi 24ch,Q925,5,0.987423
FuXi 24ch,Q850,5,0.988462
FuXi 24ch,Q700,5,0.991007
FuXi 24ch,Z1000,5,0.999278
FuXi 24ch,Z925,5,0.999272
FuXi 24ch,Z850,5,0.999296
FuXi 24ch,Z700,5,0.999432
FuXi 24ch,t2m,5,0.995523
FuXi 24ch,u10,5,0.996144
FuXi 24ch,v10,5,0.996691
FuXi 24ch,mslp,5,0.999321
ModAFNO 24ch,T1000,1,0.992929
ModAFNO 24ch,T925,1,0.994455
ModAFNO 24ch,T850,1,0.993270
ModAFNO 24ch,T700,1,0.994345
ModAFNO 24ch,U1000,1,0.995030
ModAFNO 24ch,U925,1,0.995126
ModAFNO 24ch,U850,1,0.995097
ModAFNO 24ch,U700,1,0.995188
ModAFNO 24ch,V1000,1,0.995475
ModAFNO 24ch,V925,1,0.995163
ModAFNO 24ch,V850,1,0.995035
ModAFNO 24ch,V700,1,0.995526
ModAFNO 24ch,Q1000,1,0.989706
ModAFNO 24ch,Q925,1,0.984767
ModAFNO 24ch,Q850,1,0.987487
ModAFNO 24ch,Q700,1,0.990750
ModAFNO 24ch,Z1000,1,0.998939
ModAFNO 24ch,Z925,1,0.998017
ModAFNO 24ch,Z850,1,0.998327
ModAFNO 24ch,Z700,1,0.996973
ModAFNO 24ch,t2m,1,0.971575
ModAFNO 24ch,u10,1,0.994442
ModAFNO 24ch,v10,1,0.994893
ModAFNO 24ch,mslp,1,0.998711
ModAFNO 24ch,T1000,2,0.985599
ModAFNO 24ch,T925,2,0.988753
ModAFNO 24ch,T850,2,0.987694
ModAFNO 24ch,T700,2,0.990257
ModAFNO 24ch,U1000,2,0.987043
ModAFNO 24ch,U925,2,0.987374
ModAFNO 24ch,U850,2,0.987356
ModAFNO 24ch,U700,2,0.988123
ModAFNO 24ch,V1000,2,0.987383
ModAFNO 24ch,V925,2,0.986463
ModAFNO 24ch,V850,2,0.986057
ModAFNO 24ch,V700,2,0.987401
ModAFNO 24ch,Q1000,2,0.980563
ModAFNO 24ch,Q925,2,0.964790
ModAFNO 24ch,Q850,2,0.968006
ModAFNO 24ch,Q700,2,0.975838
ModAFNO 24ch,Z1000,2,0.997689
ModAFNO 24ch,Z925,2,0.996851
ModAFNO 24ch,Z850,2,0.997277
ModAFNO 24ch,Z700,2,0.996203
ModAFNO 24ch,t2m,2,0.954205
ModAFNO 24ch,u10,2,0.986033
ModAFNO 24ch,v10,2,0.986262
ModAFNO 24ch,mslp,2,0.997548
ModAFNO 24ch,T1000,3,0.982479
ModAFNO 24ch,T925,3,0.986221
ModAFNO 24ch,T850,3,0.985011
ModAFNO 24ch,T700,3,0.988263
ModAFNO 24ch,U1000,3,0.983183
ModAFNO 24ch,U925,3,0.983623
ModAFNO 24ch,U850,3,0.983569
ModAFNO 24ch,U700,3,0.984739
ModAFNO 24ch,V1000,3,0.983317
ModAFNO 24ch,V925,3,0.982258
ModAFNO 24ch,V850,3,0.981590
ModAFNO 24ch,V700,3,0.983215
ModAFNO 24ch,Q1000,3,0.975449
ModAFNO 24ch,Q925,3,0.955458
ModAFNO 24ch,Q850,3,0.958274
ModAFNO 24ch,Q700,3,0.968046
ModAFNO 24ch,Z1000,3,0.996903
ModAFNO 24ch,Z925,3,0.996091
ModAFNO 24ch,Z850,3,0.996531
ModAFNO 24ch,Z700,3,0.995592
ModAFNO 24ch,t2m,3,0.953367
ModAFNO 24ch,u10,3,0.981981
ModAFNO 24ch,v10,3,0.981908
ModAFNO 24ch,mslp,3,0.996784
ModAFNO 24ch,T1000,4,0.987085
ModAFNO 24ch,T925,4,0.989301
ModAFNO 24ch,T850,4,0.987509
ModAFNO 24ch,T700,4,0.989783
ModAFNO 24ch,U1000,4,0.986428
ModAFNO 24ch,U925,4,0.986863
ModAFNO 24ch,U850,4,0.986954
ModAFNO 24ch,U700,4,0.987833
ModAFNO 24ch,V1000,4,0.986648
ModAFNO 24ch,V925,4,0.985922
ModAFNO 24ch,V850,4,0.985715
ModAFNO 24ch,V700,4,0.987081
ModAFNO 24ch,Q1000,4,0.980011
ModAFNO 24ch,Q925,4,0.963729
ModAFNO 24ch,Q850,4,0.967948
ModAFNO 24ch,Q700,4,0.975749
ModAFNO 24ch,Z1000,4,0.997620
ModAFNO 24ch,Z925,4,0.996761
ModAFNO 24ch,Z850,4,0.997095
ModAFNO 24ch,Z700,4,0.995966
ModAFNO 24ch,t2m,4,0.964556
ModAFNO 24ch,u10,4,0.985481
ModAFNO 24ch,v10,4,0.985491
ModAFNO 24ch,mslp,4,0.997413
ModAFNO 24ch,T1000,5,0.994145
ModAFNO 24ch,T925,5,0.994951
ModAFNO 24ch,T850,5,0.993064
ModAFNO 24ch,T700,5,0.993844
ModAFNO 24ch,U1000,5,0.994972
ModAFNO 24ch,U925,5,0.995098
ModAFNO 24ch,U850,5,0.994969
ModAFNO 24ch,U700,5,0.995113
ModAFNO 24ch,V1000,5,0.995353
ModAFNO 24ch,V925,5,0.995144
ModAFNO 24ch,V850,5,0.995005
ModAFNO 24ch,V700,5,0.995448
ModAFNO 24ch,Q1000,5,0.989877
ModAFNO 24ch,Q925,5,0.984643
ModAFNO 24ch,Q850,5,0.987415
ModAFNO 24ch,Q700,5,0.990619
ModAFNO 24ch,Z1000,5,0.998894
ModAFNO 24ch,Z925,5,0.997966
ModAFNO 24ch,Z850,5,0.998127
ModAFNO 24ch,Z700,5,0.996714
ModAFNO 24ch,t2m,5,0.982185
ModAFNO 24ch,u10,5,0.994452
ModAFNO 24ch,v10,5,0.994724
ModAFNO 24ch,mslp,5,0.998604
S-DYff 24ch,T1000,1,0.996202
S-DYff 24ch,T925,1,0.996628
S-DYff 24ch,T850,1,0.996429
S-DYff 24ch,T700,1,0.997209
S-DYff 24ch,U1000,1,0.994525
S-DYff 24ch,U925,1,0.994759
S-DYff 24ch,U850,1,0.994747
S-DYff 24ch,U700,1,0.995045
S-DYff 24ch,V1000,1,0.994469
S-DYff 24ch,V925,1,0.994047
S-DYff 24ch,V850,1,0.993682
S-DYff 24ch,V700,1,0.993944
S-DYff 24ch,Q1000,1,0.994401
S-DYff 24ch,Q925,1,0.986778
S-DYff 24ch,Q850,1,0.987734
S-DYff 24ch,Q700,1,0.990295
S-DYff 24ch,Z1000,1,0.999255
S-DYff 24ch,Z925,1,0.999273
S-DYff 24ch,Z850,1,0.999319
S-DYff 24ch,Z700,1,0.999475
S-DYff 24ch,t2m,1,0.992694
S-DYff 24ch,u10,1,0.994327
S-DYff 24ch,v10,1,0.994123
S-DYff 24ch,mslp,1,0.999302
S-DYff 24ch,T1000,2,0.990851
S-DYff 24ch,T925,2,0.991699
S-DYff 24ch,T850,2,0.991096
S-DYff 24ch,T700,2,0.993165
S-DYff 24ch,U1000,2,0.986991
S-DYff 24ch,U925,2,0.987327
S-DYff 24ch,U850,2,0.986978
S-DYff 24ch,U700,2,0.987769
S-DYff 24ch,V1000,2,0.986596
S-DYff 24ch,V925,2,0.985926
S-DYff 24ch,V850,2,0.984724
S-DYff 24ch,V700,2,0.985091
S-DYff 24ch,Q1000,2,0.986039
S-DYff 24ch,Q925,2,0.967021
S-DYff 24ch,Q850,2,0.968076
S-DYff 24ch,Q700,2,0.974910
S-DYff 24ch,Z1000,2,0.998813
S-DYff 24ch,Z925,2,0.998901
S-DYff 24ch,Z850,2,0.999031
S-DYff 24ch,Z700,2,0.999286
S-DYff 24ch,t2m,2,0.975670
S-DYff 24ch,u10,2,0.986500
S-DYff 24ch,v10,2,0.985748
S-DYff 24ch,mslp,2,0.998865
S-DYff 24ch,T1000,3,0.988488
S-DYff 24ch,T925,3,0.989489
S-DYff 24ch,T850,3,0.988625
S-DYff 24ch,T700,3,0.991321
S-DYff 24ch,U1000,3,0.983597
S-DYff 24ch,U925,3,0.983929
S-DYff 24ch,U850,3,0.983324
S-DYff 24ch,U700,3,0.984371
S-DYff 24ch,V1000,3,0.983251
S-DYff 24ch,V925,3,0.982584
S-DYff 24ch,V850,3,0.980691
S-DYff 24ch,V700,3,0.981051
S-DYff 24ch,Q1000,3,0.981378
S-DYff 24ch,Q925,3,0.957935
S-DYff 24ch,Q850,3,0.958277
S-DYff 24ch,Q700,3,0.966907
S-DYff 24ch,Z1000,3,0.998495
S-DYff 24ch,Z925,3,0.998615
S-DYff 24ch,Z850,3,0.998779
S-DYff 24ch,Z700,3,0.999092
S-DYff 24ch,t2m,3,0.983056
S-DYff 24ch,u10,3,0.982986
S-DYff 24ch,v10,3,0.982204
S-DYff 24ch,mslp,3,0.998549
S-DYff 24ch,T1000,4,0.991251
S-DYff 24ch,T925,4,0.991873
S-DYff 24ch,T850,4,0.990959
S-DYff 24ch,T700,4,0.992990
S-DYff 24ch,U1000,4,0.986438
S-DYff 24ch,U925,4,0.986775
S-DYff 24ch,U850,4,0.986598
S-DYff 24ch,U700,4,0.987462
S-DYff 24ch,V1000,4,0.986601
S-DYff 24ch,V925,4,0.985991
S-DYff 24ch,V850,4,0.984551
S-DYff 24ch,V700,4,0.984847
S-DYff 24ch,Q1000,4,0.984842
S-DYff 24ch,Q925,4,0.966144
S-DYff 24ch,Q850,4,0.967985
S-DYff 24ch,Q700,4,0.974793
S-DYff 24ch,Z1000,4,0.998633
S-DYff 24ch,Z925,4,0.998715
S-DYff 24ch,Z850,4,0.998853
S-DYff 24ch,Z700,4,0.999151
S-DYff 24ch,t2m,4,0.982569
S-DYff 24ch,u10,4,0.985966
S-DYff 24ch,v10,4,0.985825
S-DYff 24ch,mslp,4,0.998692
S-DYff 24ch,T1000,5,0.996727
S-DYff 24ch,T925,5,0.996875
S-DYff 24ch,T850,5,0.996478
S-DYff 24ch,T700,5,0.997195
S-DYff 24ch,U1000,5,0.994493
S-DYff 24ch,U925,5,0.994733
S-DYff 24ch,U850,5,0.994716
S-DYff 24ch,U700,5,0.995007
S-DYff 24ch,V1000,5,0.994611
S-DYff 24ch,V925,5,0.994247
S-DYff 24ch,V850,5,0.993752
S-DYff 24ch,V700,5,0.993933
S-DYff 24ch,Q1000,5,0.994320
S-DYff 24ch,Q925,5,0.987060
S-DYff 24ch,Q850,5,0.987823
S-DYff 24ch,Q700,5,0.990261
S-DYff 24ch,Z1000,5,0.999208
S-DYff 24ch,Z925,5,0.999218
S-DYff 24ch,Z850,5,0.999267
S-DYff 24ch,Z700,5,0.999433
S-DYff 24ch,t2m,5,0.995537
S-DYff 24ch,u10,5,0.994304
S-DYff 24ch,v10,5,0.994301
S-DYff 24ch,mslp,5,0.999253
ATM-VFI,T1000,1,0.996934
ATM-VFI,T925,1,0.997290
ATM-VFI,T850,1,0.997153
ATM-VFI,T700,1,0.997579
ATM-VFI,U1000,1,0.997536
ATM-VFI,U925,1,0.997612
ATM-VFI,U850,1,0.997111
ATM-VFI,U700,1,0.997258
ATM-VFI,V1000,1,0.998165
ATM-VFI,V925,1,0.998158
ATM-VFI,V850,1,0.997866
ATM-VFI,V700,1,0.998297
ATM-VFI,Q1000,1,0.994756
ATM-VFI,Q925,1,0.987858
ATM-VFI,Q850,1,0.988920
ATM-VFI,Q700,1,0.990690
ATM-VFI,Z1000,1,0.999527
ATM-VFI,Z925,1,0.999530
ATM-VFI,Z850,1,0.999545
ATM-VFI,Z700,1,0.999629
ATM-VFI,t2m,1,0.993279
ATM-VFI,u10,1,0.997481
ATM-VFI,v10,1,0.998040
ATM-VFI,mslp,1,0.999549
ATM-VFI,T1000,2,0.992325
ATM-VFI,T925,2,0.993219
ATM-VFI,T850,2,0.992909
ATM-VFI,T700,2,0.994108
ATM-VFI,U1000,2,0.993806
ATM-VFI,U925,2,0.993943
ATM-VFI,U850,2,0.992835
ATM-VFI,U700,2,0.993324
ATM-VFI,V1000,2,0.994782
ATM-VFI,V925,2,0.994769
ATM-VFI,V850,2,0.993996
ATM-VFI,V700,2,0.995071
ATM-VFI,Q1000,2,0.986967
ATM-VFI,Q925,2,0.969985
ATM-VFI,Q850,2,0.971768
ATM-VFI,Q700,2,0.976302
ATM-VFI,Z1000,2,0.999137
ATM-VFI,Z925,2,0.999182
ATM-VFI,Z850,2,0.999229
ATM-VFI,Z700,2,0.999376
ATM-VFI,t2m,2,0.978590
ATM-VFI,u10,2,0.993643
ATM-VFI,v10,2,0.994493
ATM-VFI,mslp,2,0.999167
ATM-VFI,T1000,3,0.991189
ATM-VFI,T925,3,0.991932
ATM-VFI,T850,3,0.991388
ATM-VFI,T700,3,0.992716
ATM-VFI,U1000,3,0.993045
ATM-VFI,U925,3,0.993241
ATM-VFI,U850,3,0.991709
ATM-VFI,U700,3,0.992211
ATM-VFI,V1000,3,0.994464
ATM-VFI,V925,3,0.994635
ATM-VFI,V850,3,0.993630
ATM-VFI,V700,3,0.994692
ATM-VFI,Q1000,3,0.983445
ATM-VFI,Q925,3,0.962851
ATM-VFI,Q850,3,0.964577
ATM-VFI,Q700,3,0.969581
ATM-VFI,Z1000,3,0.999227
ATM-VFI,Z925,3,0.999287
ATM-VFI,Z850,3,0.999324
ATM-VFI,Z700,3,0.999425
ATM-VFI,t2m,3,0.985385
ATM-VFI,u10,3,0.992898
ATM-VFI,v10,3,0.994157
ATM-VFI,mslp,3,0.999232
ATM-VFI,T1000,4,0.992565
ATM-VFI,T925,4,0.993234
ATM-VFI,T850,4,0.992655
ATM-VFI,T700,4,0.993940
ATM-VFI,U1000,4,0.992722
ATM-VFI,U925,4,0.992899
ATM-VFI,U850,4,0.992027
ATM-VFI,U700,4,0.992806
ATM-VFI,V1000,4,0.993654
ATM-VFI,V925,4,0.993485
ATM-VFI,V850,4,0.992848
ATM-VFI,V700,4,0.994144
ATM-VFI,Q1000,4,0.986236
ATM-VFI,Q925,4,0.968969
ATM-VFI,Q850,4,0.971400
ATM-VFI,Q700,4,0.976129
ATM-VFI,Z1000,4,0.998918
ATM-VFI,Z925,4,0.998964
ATM-VFI,Z850,4,0.999020
ATM-VFI,Z700,4,0.999218
ATM-VFI,t2m,4,0.983384
ATM-VFI,u10,4,0.992563
ATM-VFI,v10,4,0.993368
ATM-VFI,mslp,4,0.998963
ATM-VFI,T1000,5,0.997372
ATM-VFI,T925,5,0.997454
ATM-VFI,T850,5,0.997154
ATM-VFI,T700,5,0.997558
ATM-VFI,U1000,5,0.997366
ATM-VFI,U925,5,0.997485
ATM-VFI,U850,5,0.996985
ATM-VFI,U700,5,0.997158
ATM-VFI,V1000,5,0.998007
ATM-VFI,V925,5,0.998020
ATM-VFI,V850,5,0.997699
ATM-VFI,V700,5,0.998161
ATM-VFI,Q1000,5,0.994871
ATM-VFI,Q925,5,0.988140
ATM-VFI,Q850,5,0.988924
ATM-VFI,Q700,5,0.990648
ATM-VFI,Z1000,5,0.999483
ATM-VFI,Z925,5,0.999484
ATM-VFI,Z850,5,0.999497
ATM-VFI,Z700,5,0.999593
ATM-VFI,t2m,5,0.995743
ATM-VFI,u10,5,0.997317
ATM-VFI,v10,5,0.997881
ATM-VFI,mslp,5,0.999505
WeatherDCAE,T1000,1,0.997923
WeatherDCAE,T925,1,0.998223
WeatherDCAE,T850,1,0.998374
WeatherDCAE,T700,1,0.998563
WeatherDCAE,U1000,1,0.998540
WeatherDCAE,U925,1,0.998685
WeatherDCAE,U850,1,0.998616
WeatherDCAE,U700,1,0.998718
WeatherDCAE,V1000,1,0.998884
WeatherDCAE,V925,1,0.998980
WeatherDCAE,V850,1,0.998898
WeatherDCAE,V700,1,0.999020
WeatherDCAE,Q1000,1,0.996003
WeatherDCAE,Q925,1,0.992020
WeatherDCAE,Q850,1,0.995343
WeatherDCAE,Q700,1,0.996746
WeatherDCAE,Z1000,1,0.999687
WeatherDCAE,Z925,1,0.999686
WeatherDCAE,Z850,1,0.999692
WeatherDCAE,Z700,1,0.999741
WeatherDCAE,t2m,1,0.994740
WeatherDCAE,u10,1,0.998470
WeatherDCAE,v10,1,0.998759
WeatherDCAE,mslp,1,0.999704
WeatherDCAE,T1000,2,0.995068
WeatherDCAE,T925,2,0.995762
WeatherDCAE,T850,2,0.996109
WeatherDCAE,T700,2,0.996694
WeatherDCAE,U1000,2,0.996327
WeatherDCAE,U925,2,0.996664
WeatherDCAE,U850,2,0.996502
WeatherDCAE,U700,2,0.996716
WeatherDCAE,V1000,2,0.996907
WeatherDCAE,V925,2,0.997082
WeatherDCAE,V850,2,0.996841
WeatherDCAE,V700,2,0.997083
WeatherDCAE,Q1000,2,0.990452
WeatherDCAE,Q925,2,0.981051
WeatherDCAE,Q850,2,0.988560
WeatherDCAE,Q700,2,0.991836
WeatherDCAE,Z1000,2,0.999397
WeatherDCAE,Z925,2,0.999417
WeatherDCAE,Z850,2,0.999446
WeatherDCAE,Z700,2,0.999540
WeatherDCAE,t2m,2,0.982049
WeatherDCAE,u10,2,0.996170
WeatherDCAE,v10,2,0.996619
WeatherDCAE,mslp,2,0.999423
WeatherDCAE,T1000,3,0.994293
WeatherDCAE,T925,3,0.994998
WeatherDCAE,T850,3,0.995297
WeatherDCAE,T700,3,0.995998
WeatherDCAE,U1000,3,0.995714
WeatherDCAE,U925,3,0.996127
WeatherDCAE,U850,3,0.995810
WeatherDCAE,U700,3,0.996039
WeatherDCAE,V1000,3,0.996467
WeatherDCAE,V925,3,0.996766
WeatherDCAE,V850,3,0.996346
WeatherDCAE,V700,3,0.996587
WeatherDCAE,Q1000,3,0.988183
WeatherDCAE,Q925,3,0.976982
WeatherDCAE,Q850,3,0.985738
WeatherDCAE,Q700,3,0.989643
WeatherDCAE,Z1000,3,0.999503
WeatherDCAE,Z925,3,0.999535
WeatherDCAE,Z850,3,0.999561
WeatherDCAE,Z700,3,0.999623
WeatherDCAE,t2m,3,0.989220
WeatherDCAE,u10,3,0.995535
WeatherDCAE,v10,3,0.996139
WeatherDCAE,mslp,3,0.999510
WeatherDCAE,T1000,4,0.994623
WeatherDCAE,T925,4,0.995292
WeatherDCAE,T850,4,0.995424
WeatherDCAE,T700,4,0.996360
WeatherDCAE,U1000,4,0.995044
WeatherDCAE,U925,4,0.995407
WeatherDCAE,U850,4,0.995336
WeatherDCAE,U700,4,0.995858
WeatherDCAE,V1000,4,0.995724
WeatherDCAE,V925,4,0.995902
WeatherDCAE,V850,4,0.995608
WeatherDCAE,V700,4,0.996151
WeatherDCAE,Q1000,4,0.988635
WeatherDCAE,Q925,4,0.978046
WeatherDCAE,Q850,4,0.986363
WeatherDCAE,Q700,4,0.989987
WeatherDCAE,Z1000,4,0.999153
WeatherDCAE,Z925,4,0.999170
WeatherDCAE,Z850,4,0.999211
WeatherDCAE,Z700,4,0.999360
WeatherDCAE,t2m,4,0.984776
WeatherDCAE,u10,4,0.994924
WeatherDCAE,v10,4,0.995418
WeatherDCAE,mslp,4,0.999193
WeatherDCAE,T1000,5,0.998192
WeatherDCAE,T925,5,0.998273
WeatherDCAE,T850,5,0.998271
WeatherDCAE,T700,5,0.998491
WeatherDCAE,U1000,5,0.998432
WeatherDCAE,U925,5,0.998562
WeatherDCAE,U850,5,0.998467
WeatherDCAE,U700,5,0.998626
WeatherDCAE,V1000,5,0.998778
WeatherDCAE,V925,5,0.998871
WeatherDCAE,V850,5,0.998775
WeatherDCAE,V700,5,0.998942
WeatherDCAE,Q1000,5,0.996085
WeatherDCAE,Q925,5,0.991865
WeatherDCAE,Q850,5,0.994911
WeatherDCAE,Q700,5,0.996477
WeatherDCAE,Z1000,5,0.999640
WeatherDCAE,Z925,5,0.999636
WeatherDCAE,Z850,5,0.999641
WeatherDCAE,Z700,5,0.999698
WeatherDCAE,t2m,5,0.996542
WeatherDCAE,u10,5,0.998368
WeatherDCAE,v10,5,0.998656
WeatherDCAE,mslp,5,0.999660
CorrDiff/DC-AE,T1000,1,0.997492
CorrDiff/DC-AE,T925,1,0.997765
CorrDiff/DC-AE,T850,1,0.997826
CorrDiff/DC-AE,T700,1,0.998040
CorrDiff/DC-AE,U1000,1,0.998187
CorrDiff/DC-AE,U925,1,0.998288
CorrDiff/DC-AE,U850,1,0.998299
CorrDiff/DC-AE,U700,1,0.998490
CorrDiff/DC-AE,V1000,1,0.998577
CorrDiff/DC-AE,V925,1,0.998668
CorrDiff/DC-AE,V850,1,0.998587
CorrDiff/DC-AE,V700,1,0.998862
CorrDiff/DC-AE,Q1000,1,0.995564
CorrDiff/DC-AE,Q925,1,0.989641
CorrDiff/DC-AE,Q850,1,0.994595
CorrDiff/DC-AE,Q700,1,0.996596
CorrDiff/DC-AE,Z1000,1,0.999579
CorrDiff/DC-AE,Z925,1,0.999573
CorrDiff/DC-AE,Z850,1,0.999586
CorrDiff/DC-AE,Z700,1,0.999649
CorrDiff/DC-AE,t2m,1,0.994107
CorrDiff/DC-AE,u10,1,0.998105
CorrDiff/DC-AE,v10,1,0.998426
CorrDiff/DC-AE,mslp,1,0.999596
CorrDiff/DC-AE,T1000,2,0.994028
CorrDiff/DC-AE,T925,2,0.994663
CorrDiff/DC-AE,T850,2,0.994687
CorrDiff/DC-AE,T700,2,0.995469
CorrDiff/DC-AE,U1000,2,0.995525
CorrDiff/DC-AE,U925,2,0.995779
CorrDiff/DC-AE,U850,2,0.995736
CorrDiff/DC-AE,U700,2,0.996226
CorrDiff/DC-AE,V1000,2,0.996207
CorrDiff/DC-AE,V925,2,0.996397
CorrDiff/DC-AE,V850,2,0.996134
CorrDiff/DC-AE,V700,2,0.996723
CorrDiff/DC-AE,Q1000,2,0.989557
CorrDiff/DC-AE,Q925,2,0.975275
CorrDiff/DC-AE,Q850,2,0.986327
CorrDiff/DC-AE,Q700,2,0.991267
CorrDiff/DC-AE,Z1000,2,0.999286
CorrDiff/DC-AE,Z925,2,0.999303
CorrDiff/DC-AE,Z850,2,0.999345
CorrDiff/DC-AE,Z700,2,0.999453
CorrDiff/DC-AE,t2m,2,0.975875
CorrDiff/DC-AE,u10,2,0.995355
CorrDiff/DC-AE,v10,2,0.995928
CorrDiff/DC-AE,mslp,2,0.999308
CorrDiff/DC-AE,T1000,3,0.993208
CorrDiff/DC-AE,T925,3,0.993737
CorrDiff/DC-AE,T850,3,0.993611
CorrDiff/DC-AE,T700,3,0.994574
CorrDiff/DC-AE,U1000,3,0.994881
CorrDiff/DC-AE,U925,3,0.995247
CorrDiff/DC-AE,U850,3,0.995039
CorrDiff/DC-AE,U700,3,0.995589
CorrDiff/DC-AE,V1000,3,0.995751
CorrDiff/DC-AE,V925,3,0.996085
CorrDiff/DC-AE,V850,3,0.995613
CorrDiff/DC-AE,V700,3,0.996283
CorrDiff/DC-AE,Q1000,3,0.987393
CorrDiff/DC-AE,Q925,3,0.970505
CorrDiff/DC-AE,Q850,3,0.983226
CorrDiff/DC-AE,Q700,3,0.989132
CorrDiff/DC-AE,Z1000,3,0.999409
CorrDiff/DC-AE,Z925,3,0.999439
CorrDiff/DC-AE,Z850,3,0.999479
CorrDiff/DC-AE,Z700,3,0.999565
CorrDiff/DC-AE,t2m,3,0.988275
CorrDiff/DC-AE,u10,3,0.994706
CorrDiff/DC-AE,v10,3,0.995423
CorrDiff/DC-AE,mslp,3,0.999409
CorrDiff/DC-AE,T1000,4,0.994526
CorrDiff/DC-AE,T925,4,0.994843
CorrDiff/DC-AE,T850,4,0.994663
CorrDiff/DC-AE,T700,4,0.995477
CorrDiff/DC-AE,U1000,4,0.995420
CorrDiff/DC-AE,U925,4,0.995808
CorrDiff/DC-AE,U850,4,0.995668
CorrDiff/DC-AE,U700,4,0.996170
CorrDiff/DC-AE,V1000,4,0.996095
CorrDiff/DC-AE,V925,4,0.996360
CorrDiff/DC-AE,V850,4,0.996032
CorrDiff/DC-AE,V700,4,0.996618
CorrDiff/DC-AE,Q1000,4,0.989511
CorrDiff/DC-AE,Q925,4,0.975952
CorrDiff/DC-AE,Q850,4,0.985577
CorrDiff/DC-AE,Q700,4,0.990477
CorrDiff/DC-AE,Z1000,4,0.999347
CorrDiff/DC-AE,Z925,4,0.999366
CorrDiff/DC-AE,Z850,4,0.999405
CorrDiff/DC-AE,Z700,4,0.999512
CorrDiff/DC-AE,t2m,4,0.980226
CorrDiff/DC-AE,u10,4,0.995283
CorrDiff/DC-AE,v10,4,0.995807
CorrDiff/DC-AE,mslp,4,0.999368
CorrDiff/DC-AE,T1000,5,0.997744
CorrDiff/DC-AE,T925,5,0.997800
CorrDiff/DC-AE,T850,5,0.997757
CorrDiff/DC-AE,T700,5,0.998082
CorrDiff/DC-AE,U1000,5,0.998209
CorrDiff/DC-AE,U925,5,0.998337
CorrDiff/DC-AE,U850,5,0.998252
CorrDiff/DC-AE,U700,5,0.998485
CorrDiff/DC-AE,V1000,5,0.998586
CorrDiff/DC-AE,V925,5,0.998680
CorrDiff/DC-AE,V850,5,0.998572
CorrDiff/DC-AE,V700,5,0.998854
CorrDiff/DC-AE,Q1000,5,0.995467
CorrDiff/DC-AE,Q925,5,0.989971
CorrDiff/DC-AE,Q850,5,0.993977
CorrDiff/DC-AE,Q700,5,0.996163
CorrDiff/DC-AE,Z1000,5,0.999652
CorrDiff/DC-AE,Z925,5,0.999650
CorrDiff/DC-AE,Z850,5,0.999664
CorrDiff/DC-AE,Z700,5,0.999715
CorrDiff/DC-AE,t2m,5,0.996030
CorrDiff/DC-AE,u10,5,0.998151
CorrDiff/DC-AE,v10,5,0.998457
CorrDiff/DC-AE,mslp,5,0.999665
Latent CorrDiff,T1000,1,0.965179
Latent CorrDiff,T925,1,0.974462
Latent CorrDiff,T850,1,0.980405
Latent CorrDiff,T700,1,0.983320
Latent CorrDiff,U1000,1,0.993322
Latent CorrDiff,U925,1,0.993621
Latent CorrDiff,U850,1,0.990935
Latent CorrDiff,U700,1,0.988301
Latent CorrDiff,V1000,1,0.996131
Latent CorrDiff,V925,1,0.995934
Latent CorrDiff,V850,1,0.996006
Latent CorrDiff,V700,1,0.997589
Latent CorrDiff,Q1000,1,0.965522
Latent CorrDiff,Q925,1,0.957179
Latent CorrDiff,Q850,1,0.966300
Latent CorrDiff,Q700,1,0.973955
Latent CorrDiff,Z1000,1,0.992095
Latent CorrDiff,Z925,1,0.992452
Latent CorrDiff,Z850,1,0.992537
Latent CorrDiff,Z700,1,0.992314
Latent CorrDiff,t2m,1,0.927949
Latent CorrDiff,u10,1,0.993303
Latent CorrDiff,v10,1,0.995931
Latent CorrDiff,mslp,1,0.992259
Latent CorrDiff,T1000,2,0.978199
Latent CorrDiff,T925,2,0.984042
Latent CorrDiff,T850,2,0.987203
Latent CorrDiff,T700,2,0.988567
Latent CorrDiff,U1000,2,0.994623
Latent CorrDiff,U925,2,0.995038
Latent CorrDiff,U850,2,0.993988
Latent CorrDiff,U700,2,0.993327
Latent CorrDiff,V1000,2,0.996177
Latent CorrDiff,V925,2,0.996279
Latent CorrDiff,V850,2,0.996185
Latent CorrDiff,V700,2,0.996801
Latent CorrDiff,Q1000,2,0.974545
Latent CorrDiff,Q925,2,0.968052
Latent CorrDiff,Q850,2,0.979269
Latent CorrDiff,Q700,2,0.984690
Latent CorrDiff,Z1000,2,0.996683
Latent CorrDiff,Z925,2,0.996739
Latent CorrDiff,Z850,2,0.996468
Latent CorrDiff,Z700,2,0.995725
Latent CorrDiff,t2m,2,0.960059
Latent CorrDiff,u10,2,0.994601
Latent CorrDiff,v10,2,0.995880
Latent CorrDiff,mslp,2,0.996666
Latent CorrDiff,T1000,3,0.981861
Latent CorrDiff,T925,3,0.984998
Latent CorrDiff,T850,3,0.989020
Latent CorrDiff,T700,3,0.989798
Latent CorrDiff,U1000,3,0.994506
Latent CorrDiff,U925,3,0.994989
Latent CorrDiff,U850,3,0.994736
Latent CorrDiff,U700,3,0.995041
Latent CorrDiff,V1000,3,0.995754
Latent CorrDiff,V925,3,0.996160
Latent CorrDiff,V850,3,0.995842
Latent CorrDiff,V700,3,0.996181
Latent CorrDiff,Q1000,3,0.975647
Latent CorrDiff,Q925,3,0.970780
Latent CorrDiff,Q850,3,0.982032
Latent CorrDiff,Q700,3,0.987867
Latent CorrDiff,Z1000,3,0.998440
Latent CorrDiff,Z925,3,0.998334
Latent CorrDiff,Z850,3,0.997855
Latent CorrDiff,Z700,3,0.996771
Latent CorrDiff,t2m,3,0.965612
Latent CorrDiff,u10,3,0.994379
Latent CorrDiff,v10,3,0.995421
Latent CorrDiff,mslp,3,0.998354
Latent CorrDiff,T1000,4,0.979370
Latent CorrDiff,T925,4,0.983272
Latent CorrDiff,T850,4,0.986861
Latent CorrDiff,T700,4,0.988064
Latent CorrDiff,U1000,4,0.993372
Latent CorrDiff,U925,4,0.993668
Latent CorrDiff,U850,4,0.992828
Latent CorrDiff,U700,4,0.992398
Latent CorrDiff,V1000,4,0.995066
Latent CorrDiff,V925,4,0.995409
Latent CorrDiff,V850,4,0.995095
Latent CorrDiff,V700,4,0.996119
Latent CorrDiff,Q1000,4,0.972967
Latent CorrDiff,Q925,4,0.965611
Latent CorrDiff,Q850,4,0.976670
Latent CorrDiff,Q700,4,0.982750
Latent CorrDiff,Z1000,4,0.996560
Latent CorrDiff,Z925,4,0.996535
Latent CorrDiff,Z850,4,0.996221
Latent CorrDiff,Z700,4,0.995426
Latent CorrDiff,t2m,4,0.961631
Latent CorrDiff,u10,4,0.993200
Latent CorrDiff,v10,4,0.994749
Latent CorrDiff,mslp,4,0.996594
Latent CorrDiff,T1000,5,0.969979
Latent CorrDiff,T925,5,0.975431
Latent CorrDiff,T850,5,0.980892
Latent CorrDiff,T700,5,0.983354
Latent CorrDiff,U1000,5,0.993468
Latent CorrDiff,U925,5,0.993324
Latent CorrDiff,U850,5,0.990744
Latent CorrDiff,U700,5,0.987961
Latent CorrDiff,V1000,5,0.995874
Latent CorrDiff,V925,5,0.996014
Latent CorrDiff,V850,5,0.996194
Latent CorrDiff,V700,5,0.997697
Latent CorrDiff,Q1000,5,0.968663
Latent CorrDiff,Q925,5,0.958885
Latent CorrDiff,Q850,5,0.965975
Latent CorrDiff,Q700,5,0.973930
Latent CorrDiff,Z1000,5,0.992246
Latent CorrDiff,Z925,5,0.992431
Latent CorrDiff,Z850,5,0.992481
Latent CorrDiff,Z700,5,0.992453
Latent CorrDiff,t2m,5,0.958685
Latent CorrDiff,u10,5,0.993337
Latent CorrDiff,v10,5,0.995768
Latent CorrDiff,mslp,5,0.992476
