model,channel,tau_hours,rmse_norm
Bilinear,T1000,1,0.018906
Bilinear,T925,1,0.019584
Bilinear,T850,1,0.020762
Bilinear,T700,1,0.017475
Bilinear,U1000,1,0.096403
Bilinear,U925,1,0.093643
Bilinear,U850,1,0.087228
Bilinear,U700,1,0.080229
Bilinear,V1000,1,0.189212
Bilinear,V925,1,0.245725
Bilinear,V850,1,0.292761
Bilinear,V700,1,0.337554
Bilinear,Q1000,1,0.024335
Bilinear,Q925,1,0.042542
Bilinear,Q850,1,0.064494
Bilinear,Q700,1,0.081606
Bilinear,Z1000,1,0.043742
Bilinear,Z925,1,0.034798
Bilinear,Z850,1,0.026836
Bilinear,Z700,1,0.017055
Bilinear,t2m,1,0.022821
Bilinear,u10,1,0.098224
Bilinear,v10,1,0.190376
Bilinear,mslp,1,0.043234
Bilinear,T1000,2,0.029993
Bilinear,T925,2,0.030824
Bilinear,T850,2,0.032696
Bilinear,T700,2,0.027355
Bilinear,U1000,2,0.150704
Bilinear,U925,2,0.147154
Bilinear,U850,2,0.137023
Bilinear,U700,2,0.125245
Bilinear,V1000,2,0.298721
Bilinear,V925,2,0.386980
Bilinear,V850,2,0.461332
Bilinear,V700,2,0.530893
Bilinear,Q1000,2,0.038560
Bilinear,Q925,2,0.066883
Bilinear,Q850,2,0.102677
Bilinear,Q700,2,0.129344
Bilinear,Z1000,2,0.066919
Bilinear,Z925,2,0.053112
Bilinear,Z850,2,0.040844
Bilinear,Z700,2,0.025831
Bilinear,t2m,2,0.039723
Bilinear,u10,2,0.153872
Bilinear,v10,2,0.300828
Bilinear,mslp,2,0.066077
Bilinear,T1000,3,0.033970
Bilinear,T925,3,0.034714
Bilinear,T850,3,0.036830
Bilinear,T700,3,0.030815
Bilinear,U1000,3,0.169386
Bilinear,U925,3,0.165597
Bilinear,U850,3,0.154419
Bilinear,U700,3,0.140910
Bilinear,V1000,3,0.336576
Bilinear,V925,3,0.435120
Bilinear,V850,3,0.519610
Bilinear,V700,3,0.597969
Bilinear,Q1000,3,0.044573
Bilinear,Q925,3,0.075563
Bilinear,Q850,3,0.116730
Bilinear,Q700,3,0.147464
Bilinear,Z1000,3,0.075530
Bilinear,Z925,3,0.060036
Bilinear,Z850,3,0.046294
Bilinear,Z700,3,0.029348
Bilinear,t2m,3,0.043580
Bilinear,u10,3,0.172993
Bilinear,v10,3,0.338933
Bilinear,mslp,3,0.074584
Bilinear,T1000,4,0.030111
Bilinear,T925,4,0.030903
Bilinear,T850,4,0.032944
Bilinear,T700,4,0.027752
Bilinear,U1000,4,0.153258
Bilinear,U925,4,0.149804
Bilinear,U850,4,0.139468
Bilinear,U700,4,0.127630
Bilinear,V1000,4,0.301994
Bilinear,V925,4,0.390849
Bilinear,V850,4,0.466788
Bilinear,V700,4,0.540051
Bilinear,Q1000,4,0.039612
Bilinear,Q925,4,0.067529
Bilinear,Q850,4,0.102019
Bilinear,Q700,4,0.129481
Bilinear,Z1000,4,0.068343
Bilinear,Z925,4,0.054433
Bilinear,Z850,4,0.042036
Bilinear,Z700,4,0.026708
Bilinear,t2m,4,0.039301
Bilinear,u10,4,0.156320
Bilinear,v10,4,0.303918
Bilinear,mslp,4,0.067422
Bilinear,T1000,5,0.018912
Bilinear,T925,5,0.019423
Bilinear,T850,5,0.020668
Bilinear,T700,5,0.017608
Bilinear,U1000,5,0.097420
Bilinear,U925,5,0.094546
Bilinear,U850,5,0.088110
Bilinear,U700,5,0.081167
Bilinear,V1000,5,0.190418
Bilinear,V925,5,0.247070
Bilinear,V850,5,0.294816
Bilinear,V700,5,0.341571
Bilinear,Q1000,5,0.024898
Bilinear,Q925,5,0.042668
Bilinear,Q850,5,0.064189
Bilinear,Q700,5,0.081755
Bilinear,Z1000,5,0.044496
Bilinear,Z925,5,0.035622
Bilinear,Z850,5,0.027683
Bilinear,Z700,5,0.017725
Bilinear,t2m,5,0.024112
Bilinear,u10,5,0.099187
Bilinear,v10,5,0.191544
Bilinear,mslp,5,0.043907
FuXi 24ch,T1000,1,0.014015
FuXi 24ch,T925,1,0.015737
FuXi 24ch,T850,1,0.018095
FuXi 24ch,T700,1,0.016117
FuXi 24ch,U1000,1,0.067822
FuXi 24ch,U925,1,0.064856
FuXi 24ch,U850,1,0.067430
FuXi 24ch,U700,1,0.064419
FuXi 24ch,V1000,1,0.115618
FuXi 24ch,V925,1,0.141066
FuXi 24ch,V850,1,0.180839
FuXi 24ch,V700,1,0.209241
FuXi 24ch,Q1000,1,0.022267
FuXi 24ch,Q925,1,0.040378
FuXi 24ch,Q850,1,0.060284
FuXi 24ch,Q700,1,0.075343
FuXi 24ch,Z1000,1,0.023094
FuXi 24ch,Z925,1,0.018598
FuXi 24ch,Z850,1,0.014634
FuXi 24ch,Z700,1,0.009634
FuXi 24ch,t2m,1,0.016065
FuXi 24ch,u10,1,0.068376
FuXi 24ch,v10,1,0.115503
FuXi 24ch,mslp,1,0.023191
FuXi 24ch,T1000,2,0.021899
FuXi 24ch,T925,2,0.024556
FuXi 24ch,T850,2,0.028344
FuXi 24ch,T700,2,0.025085
FuXi 24ch,U1000,2,0.103001
FuXi 24ch,U925,2,0.098996
FuXi 24ch,U850,2,0.103989
FuXi 24ch,U700,2,0.098981
FuXi 24ch,V1000,2,0.178551
FuXi 24ch,V925,2,0.216893
FuXi 24ch,V850,2,0.279677
FuXi 24ch,V700,2,0.326528
FuXi 24ch,Q1000,2,0.034977
FuXi 24ch,Q925,2,0.063147
FuXi 24ch,Q850,2,0.095662
FuXi 24ch,Q700,2,0.119183
FuXi 24ch,Z1000,2,0.029499
FuXi 24ch,Z925,2,0.023217
FuXi 24ch,Z850,2,0.018001
FuXi 24ch,Z700,2,0.011698
FuXi 24ch,t2m,2,0.030236
FuXi 24ch,u10,2,0.103976
FuXi 24ch,v10,2,0.178366
FuXi 24ch,mslp,2,0.029852
FuXi 24ch,T1000,3,0.024735
FuXi 24ch,T925,3,0.027674
FuXi 24ch,T850,3,0.031979
FuXi 24ch,T700,3,0.028264
FuXi 24ch,U1000,3,0.115019
FuXi 24ch,U925,3,0.110597
FuXi 24ch,U850,3,0.116937
FuXi 24ch,U700,3,0.111329
FuXi 24ch,V1000,3,0.199859
FuXi 24ch,V925,3,0.241811
FuXi 24ch,V850,3,0.315360
FuXi 24ch,V700,3,0.370669
FuXi 24ch,Q1000,3,0.040218
FuXi 24ch,Q925,3,0.071174
FuXi 24ch,Q850,3,0.108565
FuXi 24ch,Q700,3,0.135954
FuXi 24ch,Z1000,3,0.031806
FuXi 24ch,Z925,3,0.024932
FuXi 24ch,Z850,3,0.019336
FuXi 24ch,Z700,3,0.012695
FuXi 24ch,t2m,3,0.026813
FuXi 24ch,u10,3,0.116034
FuXi 24ch,v10,3,0.199532
FuXi 24ch,mslp,3,0.032349
FuXi 24ch,T1000,4,0.022681
FuXi 24ch,T925,4,0.025214
FuXi 24ch,T850,4,0.029033
FuXi 24ch,T700,4,0.025609
FuXi 24ch,U1000,4,0.108097
FuXi 24ch,U925,4,0.103851
FuXi 24ch,U850,4,0.107687
FuXi 24ch,U700,4,0.102428
FuXi 24ch,V1000,4,0.187534
FuXi 24ch,V925,4,0.228163
FuXi 24ch,V850,4,0.293650
FuXi 24ch,V700,4,0.343227
FuXi 24ch,Q1000,4,0.036703
FuXi 24ch,Q925,4,0.064379
FuXi 24ch,Q850,4,0.095757
FuXi 24ch,Q700,4,0.120773
FuXi 24ch,Z1000,4,0.031915
FuXi 24ch,Z925,4,0.025210
FuXi 24ch,Z850,4,0.019531
FuXi 24ch,Z700,4,0.012612
FuXi 24ch,t2m,4,0.030613
FuXi 24ch,u10,4,0.108939
FuXi 24ch,v10,4,0.187013
FuXi 24ch,mslp,4,0.032267
FuXi 24ch,T1000,5,0.014236
FuXi 24ch,T925,5,0.015948
FuXi 24ch,T850,5,0.018285
FuXi 24ch,T700,5,0.016338
FuXi 24ch,U1000,5,0.069624
FuXi 24ch,U925,5,0.066307
FuXi 24ch,U850,5,0.068951
FuXi 24ch,U700,5,0.065971
FuXi 24ch,V1000,5,0.118742
FuXi 24ch,V925,5,0.144440
FuXi 24ch,V850,5,0.185330
FuXi 24ch,V700,5,0.215209
FuXi 24ch,Q1000,5,0.022881
FuXi 24ch,Q925,5,0.040567
FuXi 24ch,Q850,5,0.060278
FuXi 24ch,Q700,5,0.076555
FuXi 24ch,Z1000,5,0.024344
FuXi 24ch,Z925,5,0.019646
FuXi 24ch,Z850,5,0.015465
FuXi 24ch,Z700,5,0.010130
FuXi 24ch,t2m,5,0.017084
FuXi 24ch,u10,5,0.070134
FuXi 24ch,v10,5,0.118540
FuXi 24ch,mslp,5,0.024446
ModAFNO 24ch,T1000,1,0.019878
ModAFNO 24ch,T925,1,0.021162
ModAFNO 24ch,T850,1,0.026273
ModAFNO 24ch,T700,1,0.023951
ModAFNO 24ch,U1000,1,0.079363
ModAFNO 24ch,U925,1,0.077764
ModAFNO 24ch,U850,1,0.075977
ModAFNO 24ch,U700,1,0.074544
ModAFNO 24ch,V1000,1,0.141591
ModAFNO 24ch,V925,1,0.179838
ModAFNO 24ch,V850,1,0.221636
ModAFNO 24ch,V700,1,0.262570
ModAFNO 24ch,Q1000,1,0.030267
ModAFNO 24ch,Q925,1,0.043871
ModAFNO 24ch,Q850,1,0.062401
ModAFNO 24ch,Q700,1,0.077246
ModAFNO 24ch,Z1000,1,0.028909
ModAFNO 24ch,Z925,1,0.031819
ModAFNO 24ch,Z850,1,0.023450
ModAFNO 24ch,Z700,1,0.023081
ModAFNO 24ch,t2m,1,0.033056
ModAFNO 24ch,u10,1,0.083517
ModAFNO 24ch,v10,1,0.146527
ModAFNO 24ch,mslp,1,0.033055
ModAFNO 24ch,T1000,2,0.028711
ModAFNO 24ch,T925,2,0.030257
ModAFNO 24ch,T850,2,0.035491
ModAFNO 24ch,T700,2,0.031399
ModAFNO 24ch,U1000,2,0.128231
ModAFNO 24ch,U925,2,0.125240
ModAFNO 24ch,U850,2,0.121898
ModAFNO 24ch,U700,2,0.116830
ModAFNO 24ch,V1000,2,0.236607
ModAFNO 24ch,V925,2,0.300994
ModAFNO 24ch,V850,2,0.371205
ModAFNO 24ch,V700,2,0.439391
ModAFNO 24ch,Q1000,2,0.041706
ModAFNO 24ch,Q925,2,0.066581
ModAFNO 24ch,Q850,2,0.099434
ModAFNO 24ch,Q700,2,0.124269
ModAFNO 24ch,Z1000,2,0.042909
ModAFNO 24ch,Z925,2,0.040249
ModAFNO 24ch,Z850,2,0.029986
ModAFNO 24ch,Z700,2,0.025868
ModAFNO 24ch,t2m,2,0.044191
ModAFNO 24ch,u10,2,0.132467
ModAFNO 24ch,v10,2,0.240507
ModAFNO 24ch,mslp,2,0.045752
ModAFNO 24ch,T1000,3,0.032358
ModAFNO 24ch,T925,3,0.033794
ModAFNO 24ch,T850,3,0.039243
ModAFNO 24ch,T700,3,0.034458
ModAFNO 24ch,U1000,3,0.146268
ModAFNO 24ch,U925,3,0.142774
ModAFNO 24ch,U850,3,0.138904
ModAFNO 24ch,U700,3,0.132240
ModAFNO 24ch,V1000,3,0.272193
ModAFNO 24ch,V925,3,0.344675
ModAFNO 24ch,V850,3,0.426306
ModAFNO 24ch,V700,3,0.506174
ModAFNO 24ch,Q1000,3,0.047162
ModAFNO 24ch,Q925,3,0.075059
ModAFNO 24ch,Q850,3,0.113475
ModAFNO 24ch,Q700,3,0.142547
ModAFNO 24ch,Z1000,3,0.049919
ModAFNO 24ch,Z925,3,0.045073
ModAFNO 24ch,Z850,3,0.033999
ModAFNO 24ch,Z700,3,0.027960
ModAFNO 24ch,t2m,3,0.046916
ModAFNO 24ch,u10,3,0.150625
ModAFNO 24ch,v10,3,0.276093
ModAFNO 24ch,mslp,3,0.052634
ModAFNO 24ch,T1000,4,0.028794
ModAFNO 24ch,T925,4,0.030377
ModAFNO 24ch,T850,4,0.036102
ModAFNO 24ch,T700,4,0.032286
ModAFNO 24ch,U1000,4,0.131335
ModAFNO 24ch,U925,4,0.128119
ModAFNO 24ch,U850,4,0.124530
ModAFNO 24ch,U700,4,0.119039
ModAFNO 24ch,V1000,4,0.242677
ModAFNO 24ch,V925,4,0.306769
ModAFNO 24ch,V850,4,0.377809
ModAFNO 24ch,V700,4,0.449233
ModAFNO 24ch,Q1000,4,0.042785
ModAFNO 24ch,Q925,4,0.067883
ModAFNO 24ch,Q850,4,0.099393
ModAFNO 24ch,Q700,4,0.124901
ModAFNO 24ch,Z1000,4,0.044163
ModAFNO 24ch,Z925,4,0.041335
ModAFNO 24ch,Z850,4,0.031340
ModAFNO 24ch,Z700,4,0.026912
ModAFNO 24ch,t2m,4,0.044036
ModAFNO 24ch,u10,4,0.135235
ModAFNO 24ch,v10,4,0.246579
ModAFNO 24ch,mslp,4,0.047552
ModAFNO 24ch,T1000,5,0.019915
ModAFNO 24ch,T925,5,0.021138
ModAFNO 24ch,T850,5,0.027067
ModAFNO 24ch,T700,5,0.025116
ModAFNO 24ch,U1000,5,0.080385
ModAFNO 24ch,U925,5,0.078547
ModAFNO 24ch,U850,5,0.077524
ModAFNO 24ch,U700,5,0.075508
ModAFNO 24ch,V1000,5,0.143973
ModAFNO 24ch,V925,5,0.181034
ModAFNO 24ch,V850,5,0.223771
ModAFNO 24ch,V700,5,0.266490
ModAFNO 24ch,Q1000,5,0.030723
ModAFNO 24ch,Q925,5,0.044706
ModAFNO 24ch,Q850,5,0.062864
ModAFNO 24ch,Q700,5,0.078092
ModAFNO 24ch,Z1000,5,0.030115
ModAFNO 24ch,Z925,5,0.032838
ModAFNO 24ch,Z850,5,0.025218
ModAFNO 24ch,Z700,5,0.024356
ModAFNO 24ch,t2m,5,0.033943
ModAFNO 24ch,u10,5,0.084096
ModAFNO 24ch,v10,5,0.149554
ModAFNO 24ch,mslp,5,0.035025
S-DYff 24ch,T1000,1,0.014564
S-DYff 24ch,T925,1,0.016503
S-DYff 24ch,T850,1,0.019129
S-DYff 24ch,T700,1,0.016843
S-DYff 24ch,U1000,1,0.083277
S-DYff 24ch,U925,1,0.080599
S-DYff 24ch,U850,1,0.078594
S-DYff 24ch,U700,1,0.075628
S-DYff 24ch,V1000,1,0.156399
S-DYff 24ch,V925,1,0.199271
S-DYff 24ch,V850,1,0.249773
S-DYff 24ch,V700,1,0.305330
S-DYff 24ch,Q1000,1,0.022352
S-DYff 24ch,Q925,1,0.040911
S-DYff 24ch,Q850,1,0.061743
S-DYff 24ch,Q700,1,0.079056
S-DYff 24ch,Z1000,1,0.024234
S-DYff 24ch,Z925,1,0.019282
S-DYff 24ch,Z850,1,0.014952
S-DYff 24ch,Z700,1,0.009606
S-DYff 24ch,t2m,1,0.016572
S-DYff 24ch,u10,1,0.084367
S-DYff 24ch,v10,1,0.157089
S-DYff 24ch,mslp,1,0.024322
S-DYff 24ch,T1000,2,0.022915
S-DYff 24ch,T925,2,0.026013
S-DYff 24ch,T850,2,0.030205
S-DYff 24ch,T700,2,0.026325
S-DYff 24ch,U1000,2,0.128370
S-DYff 24ch,U925,2,0.125302
S-DYff 24ch,U850,2,0.123577
S-DYff 24ch,U700,2,0.118532
S-DYff 24ch,V1000,2,0.243451
S-DYff 24ch,V925,2,0.306181
S-DYff 24ch,V850,2,0.387686
S-DYff 24ch,V700,2,0.477491
S-DYff 24ch,Q1000,2,0.035416
S-DYff 24ch,Q925,2,0.064477
S-DYff 24ch,Q850,2,0.099288
S-DYff 24ch,Q700,2,0.126552
S-DYff 24ch,Z1000,2,0.030727
S-DYff 24ch,Z925,2,0.023803
S-DYff 24ch,Z850,2,0.017909
S-DYff 24ch,Z700,2,0.011226
S-DYff 24ch,t2m,2,0.032494
S-DYff 24ch,u10,2,0.130142
S-DYff 24ch,v10,2,0.244598
S-DYff 24ch,mslp,2,0.031150
S-DYff 24ch,T1000,3,0.026270
S-DYff 24ch,T925,3,0.029540
S-DYff 24ch,T850,3,0.034204
S-DYff 24ch,T700,3,0.029660
S-DYff 24ch,U1000,3,0.144355
S-DYff 24ch,U925,3,0.141283
S-DYff 24ch,U850,3,0.139842
S-DYff 24ch,U700,3,0.133807
S-DYff 24ch,V1000,3,0.272466
S-DYff 24ch,V925,3,0.341024
S-DYff 24ch,V850,3,0.435901
S-DYff 24ch,V700,3,0.537447
S-DYff 24ch,Q1000,3,0.041160
S-DYff 24ch,Q925,3,0.072989
S-DYff 24ch,Q850,3,0.113450
S-DYff 24ch,Q700,3,0.145005
S-DYff 24ch,Z1000,3,0.034788
S-DYff 24ch,Z925,3,0.026849
S-DYff 24ch,Z850,3,0.020182
S-DYff 24ch,Z700,3,0.012704
S-DYff 24ch,t2m,3,0.028465
S-DYff 24ch,u10,3,0.146317
S-DYff 24ch,v10,3,0.273608
S-DYff 24ch,mslp,3,0.035363
S-DYff 24ch,T1000,4,0.023759
S-DYff 24ch,T925,4,0.026512
S-DYff 24ch,T850,4,0.030754
S-DYff 24ch,T700,4,0.026788
S-DYff 24ch,U1000,4,0.131260
S-DYff 24ch,U925,4,0.128424
S-DYff 24ch,U850,4,0.126038
S-DYff 24ch,U700,4,0.120775
S-DYff 24ch,V1000,4,0.243018
S-DYff 24ch,V925,4,0.305697
S-DYff 24ch,V850,4,0.391870
S-DYff 24ch,V700,4,0.485381
S-DYff 24ch,Q1000,4,0.037325
S-DYff 24ch,Q925,4,0.065623
S-DYff 24ch,Q850,4,0.099319
S-DYff 24ch,Q700,4,0.127245
S-DYff 24ch,Z1000,4,0.033409
S-DYff 24ch,Z925,4,0.026044
S-DYff 24ch,Z850,4,0.019710
S-DYff 24ch,Z700,4,0.012369
S-DYff 24ch,t2m,4,0.031040
S-DYff 24ch,u10,4,0.132948
S-DYff 24ch,v10,4,0.243670
S-DYff 24ch,mslp,4,0.033817
S-DYff 24ch,T1000,5,0.014920
S-DYff 24ch,T925,5,0.016657
S-DYff 24ch,T850,5,0.019296
S-DYff 24ch,T700,5,0.016976
S-DYff 24ch,U1000,5,0.084098
S-DYff 24ch,U925,5,0.081357
S-DYff 24ch,U850,5,0.079350
S-DYff 24ch,U700,5,0.076313
S-DYff 24ch,V1000,5,0.154974
S-DYff 24ch,V925,5,0.196786
S-DYff 24ch,V850,5,0.249934
S-DYff 24ch,V700,5,0.307520
S-DYff 24ch,Q1000,5,0.023071
S-DYff 24ch,Q925,5,0.041077
S-DYff 24ch,Q850,5,0.061789
S-DYff 24ch,Q700,5,0.079486
S-DYff 24ch,Z1000,5,0.025491
S-DYff 24ch,Z925,5,0.020354
S-DYff 24ch,Z850,5,0.015797
S-DYff 24ch,Z700,5,0.010123
S-DYff 24ch,t2m,5,0.017044
S-DYff 24ch,u10,5,0.085182
S-DYff 24ch,v10,5,0.155392
S-DYff 24ch,mslp,5,0.025588
ATM-VFI,T1000,1,0.013089
ATM-VFI,T925,1,0.014799
ATM-VFI,T850,1,0.017086
ATM-VFI,T700,1,0.015689
ATM-VFI,U1000,1,0.055908
ATM-VFI,U925,1,0.054456
ATM-VFI,U850,1,0.058335
ATM-VFI,U700,1,0.056308
ATM-VFI,V1000,1,0.090150
ATM-VFI,V925,1,0.110939
ATM-VFI,V850,1,0.145289
ATM-VFI,V700,1,0.162051
ATM-VFI,Q1000,1,0.021651
ATM-VFI,Q925,1,0.039249
ATM-VFI,Q850,1,0.058795
ATM-VFI,Q700,1,0.077583
ATM-VFI,Z1000,1,0.019312
ATM-VFI,Z925,1,0.015480
ATM-VFI,Z850,1,0.012230
ATM-VFI,Z700,1,0.008072
ATM-VFI,t2m,1,0.015897
ATM-VFI,u10,1,0.056272
ATM-VFI,v10,1,0.090803
ATM-VFI,mslp,1,0.019556
ATM-VFI,T1000,2,0.021000
ATM-VFI,T925,2,0.023524
ATM-VFI,T850,2,0.026977
ATM-VFI,T700,2,0.024456
ATM-VFI,U1000,2,0.088851
ATM-VFI,U925,2,0.086909
ATM-VFI,U850,2,0.091880
ATM-VFI,U700,2,0.087711
ATM-VFI,V1000,2,0.152742
ATM-VFI,V925,2,0.187677
ATM-VFI,V850,2,0.244467
ATM-VFI,V700,2,0.275835
ATM-VFI,Q1000,2,0.034250
ATM-VFI,Q925,2,0.061577
ATM-VFI,Q850,2,0.093512
ATM-VFI,Q700,2,0.123107
ATM-VFI,Z1000,2,0.026268
ATM-VFI,Z925,2,0.020572
ATM-VFI,Z850,2,0.016008
ATM-VFI,Z700,2,0.010523
ATM-VFI,t2m,2,0.030611
ATM-VFI,u10,2,0.089576
ATM-VFI,v10,2,0.152908
ATM-VFI,mslp,2,0.026748
ATM-VFI,T1000,3,0.022997
ATM-VFI,T925,3,0.025899
ATM-VFI,T850,3,0.029781
ATM-VFI,T700,3,0.027179
ATM-VFI,U1000,3,0.094227
ATM-VFI,U925,3,0.091837
ATM-VFI,U850,3,0.098814
ATM-VFI,U700,3,0.094654
ATM-VFI,V1000,3,0.157066
ATM-VFI,V925,3,0.189813
ATM-VFI,V850,3,0.251167
ATM-VFI,V700,3,0.285384
ATM-VFI,Q1000,3,0.038817
ATM-VFI,Q925,3,0.068678
ATM-VFI,Q850,3,0.104706
ATM-VFI,Q700,3,0.139123
ATM-VFI,Z1000,3,0.024901
ATM-VFI,Z925,3,0.019260
ATM-VFI,Z850,3,0.015016
ATM-VFI,Z700,3,0.010097
ATM-VFI,t2m,3,0.026424
ATM-VFI,u10,3,0.094781
ATM-VFI,v10,3,0.157249
ATM-VFI,mslp,3,0.025717
ATM-VFI,T1000,4,0.021949
ATM-VFI,T925,4,0.024212
ATM-VFI,T850,4,0.027742
ATM-VFI,T700,4,0.024913
ATM-VFI,U1000,4,0.096378
ATM-VFI,U925,4,0.094313
ATM-VFI,U850,4,0.097434
ATM-VFI,U700,4,0.091642
ATM-VFI,V1000,4,0.167746
ATM-VFI,V925,4,0.209412
ATM-VFI,V850,4,0.268082
ATM-VFI,V700,4,0.303562
ATM-VFI,Q1000,4,0.035592
ATM-VFI,Q925,4,0.062876
ATM-VFI,Q850,4,0.093973
ATM-VFI,Q700,4,0.123946
ATM-VFI,Z1000,4,0.029805
ATM-VFI,Z925,4,0.023471
ATM-VFI,Z850,4,0.018272
ATM-VFI,Z700,4,0.011913
ATM-VFI,t2m,4,0.030282
ATM-VFI,u10,4,0.097005
ATM-VFI,v10,4,0.167193
ATM-VFI,mslp,4,0.030194
ATM-VFI,T1000,5,0.013379
ATM-VFI,T925,5,0.015042
ATM-VFI,T850,5,0.017356
ATM-VFI,T700,5,0.015839
ATM-VFI,U1000,5,0.058196
ATM-VFI,U925,5,0.056263
ATM-VFI,U850,5,0.059990
ATM-VFI,U700,5,0.057596
ATM-VFI,V1000,5,0.094330
ATM-VFI,V925,5,0.115581
ATM-VFI,V850,5,0.151836
ATM-VFI,V700,5,0.169456
ATM-VFI,Q1000,5,0.021937
ATM-VFI,Q925,5,0.039375
ATM-VFI,Q850,5,0.059021
ATM-VFI,Q700,5,0.078034
ATM-VFI,Z1000,5,0.020618
ATM-VFI,Z925,5,0.016560
ATM-VFI,Z850,5,0.013065
ATM-VFI,Z700,5,0.008589
ATM-VFI,t2m,5,0.016658
ATM-VFI,u10,5,0.058508
ATM-VFI,v10,5,0.094822
ATM-VFI,mslp,5,0.020844
WeatherDCAE,T1000,1,0.010875
WeatherDCAE,T925,1,0.012102
WeatherDCAE,T850,1,0.013047
WeatherDCAE,T700,1,0.012195
WeatherDCAE,U1000,1,0.043673
WeatherDCAE,U925,1,0.041086
WeatherDCAE,U850,1,0.041125
WeatherDCAE,U700,1,0.038933
WeatherDCAE,V1000,1,0.071459
WeatherDCAE,V925,1,0.083937
WeatherDCAE,V850,1,0.105994
WeatherDCAE,V700,1,0.124726
WeatherDCAE,Q1000,1,0.019018
WeatherDCAE,Q925,1,0.032070
WeatherDCAE,Q850,1,0.038495
WeatherDCAE,Q700,1,0.046285
WeatherDCAE,Z1000,1,0.016300
WeatherDCAE,Z925,1,0.013179
WeatherDCAE,Z850,1,0.010444
WeatherDCAE,Z700,1,0.006991
WeatherDCAE,t2m,1,0.014163
WeatherDCAE,u10,1,0.044554
WeatherDCAE,v10,1,0.073326
WeatherDCAE,mslp,1,0.016427
WeatherDCAE,T1000,2,0.016928
WeatherDCAE,T925,2,0.018777
WeatherDCAE,T850,2,0.020277
WeatherDCAE,T700,2,0.018507
WeatherDCAE,U1000,2,0.069960
WeatherDCAE,U925,2,0.065840
WeatherDCAE,U850,2,0.065486
WeatherDCAE,U700,2,0.062278
WeatherDCAE,V1000,2,0.120613
WeatherDCAE,V925,2,0.143784
WeatherDCAE,V850,2,0.181204
WeatherDCAE,V700,2,0.215284
WeatherDCAE,Q1000,2,0.029608
WeatherDCAE,Q925,2,0.049557
WeatherDCAE,Q850,2,0.060577
WeatherDCAE,Q700,2,0.073558
WeatherDCAE,Z1000,2,0.022144
WeatherDCAE,Z925,2,0.017548
WeatherDCAE,Z850,2,0.013707
WeatherDCAE,Z700,2,0.009100
WeatherDCAE,t2m,2,0.028316
WeatherDCAE,u10,2,0.071200
WeatherDCAE,v10,2,0.122880
WeatherDCAE,mslp,2,0.022397
WeatherDCAE,T1000,3,0.018716
WeatherDCAE,T925,3,0.020655
WeatherDCAE,T850,3,0.022332
WeatherDCAE,T700,3,0.020368
WeatherDCAE,U1000,3,0.075413
WeatherDCAE,U925,3,0.071087
WeatherDCAE,U850,3,0.071698
WeatherDCAE,U700,3,0.068359
WeatherDCAE,V1000,3,0.127823
WeatherDCAE,V925,3,0.150350
WeatherDCAE,V850,3,0.193843
WeatherDCAE,V700,3,0.232514
WeatherDCAE,Q1000,3,0.033114
WeatherDCAE,Q925,3,0.054821
WeatherDCAE,Q850,3,0.067612
WeatherDCAE,Q700,3,0.082509
WeatherDCAE,Z1000,3,0.020797
WeatherDCAE,Z925,3,0.016276
WeatherDCAE,Z850,3,0.012665
WeatherDCAE,Z700,3,0.008544
WeatherDCAE,t2m,3,0.022826
WeatherDCAE,u10,3,0.076669
WeatherDCAE,v10,3,0.130089
WeatherDCAE,mslp,3,0.021341
WeatherDCAE,T1000,4,0.018734
WeatherDCAE,T925,4,0.020370
WeatherDCAE,T850,4,0.022142
WeatherDCAE,T700,4,0.019488
WeatherDCAE,U1000,4,0.081102
WeatherDCAE,U925,4,0.077521
WeatherDCAE,U850,4,0.075725
WeatherDCAE,U700,4,0.070610
WeatherDCAE,V1000,4,0.139984
WeatherDCAE,V925,4,0.168268
WeatherDCAE,V850,4,0.213618
WeatherDCAE,V700,4,0.250918
WeatherDCAE,Q1000,4,0.032873
WeatherDCAE,Q925,4,0.053609
WeatherDCAE,Q850,4,0.065957
WeatherDCAE,Q700,4,0.081778
WeatherDCAE,Z1000,4,0.026369
WeatherDCAE,Z925,4,0.020972
WeatherDCAE,Z850,4,0.016354
WeatherDCAE,Z700,4,0.010712
WeatherDCAE,t2m,4,0.029283
WeatherDCAE,u10,4,0.081707
WeatherDCAE,v10,4,0.141258
WeatherDCAE,mslp,4,0.026594
WeatherDCAE,T1000,5,0.011165
WeatherDCAE,T925,5,0.012484
WeatherDCAE,T850,5,0.013644
WeatherDCAE,T700,5,0.012525
WeatherDCAE,U1000,5,0.045599
WeatherDCAE,U925,5,0.043257
WeatherDCAE,U850,5,0.043521
WeatherDCAE,U700,5,0.040557
WeatherDCAE,V1000,5,0.075093
WeatherDCAE,V925,5,0.088999
WeatherDCAE,V850,5,0.112698
WeatherDCAE,V700,5,0.130996
WeatherDCAE,Q1000,5,0.019270
WeatherDCAE,Q925,5,0.032841
WeatherDCAE,Q850,5,0.040389
WeatherDCAE,Q700,5,0.048238
WeatherDCAE,Z1000,5,0.017759
WeatherDCAE,Z925,5,0.014396
WeatherDCAE,Z850,5,0.011414
WeatherDCAE,Z700,5,0.007609
WeatherDCAE,t2m,5,0.015042
WeatherDCAE,u10,5,0.046335
WeatherDCAE,v10,5,0.076781
WeatherDCAE,mslp,5,0.017880
CorrDiff/DC-AE,T1000,1,0.012206
CorrDiff/DC-AE,T925,1,0.013597
CorrDiff/DC-AE,T850,1,0.015306
CorrDiff/DC-AE,T700,1,0.014192
CorrDiff/DC-AE,U1000,1,0.047900
CorrDiff/DC-AE,U925,1,0.045833
CorrDiff/DC-AE,U850,1,0.045355
CorrDiff/DC-AE,U700,1,0.042718
CorrDiff/DC-AE,V1000,1,0.078818
CorrDiff/DC-AE,V925,1,0.093307
CorrDiff/DC-AE,V850,1,0.118550
CorrDiff/DC-AE,V700,1,0.134871
CorrDiff/DC-AE,Q1000,1,0.020730
CorrDiff/DC-AE,Q925,1,0.036033
CorrDiff/DC-AE,Q850,1,0.042821
CorrDiff/DC-AE,Q700,1,0.050039
CorrDiff/DC-AE,Z1000,1,0.017985
CorrDiff/DC-AE,Z925,1,0.014519
CorrDiff/DC-AE,Z850,1,0.011468
CorrDiff/DC-AE,Z700,1,0.007683
CorrDiff/DC-AE,t2m,1,0.014998
CorrDiff/DC-AE,u10,1,0.048809
CorrDiff/DC-AE,v10,1,0.080728
CorrDiff/DC-AE,mslp,1,0.018124
CorrDiff/DC-AE,T1000,2,0.019083
CorrDiff/DC-AE,T925,2,0.021261
CorrDiff/DC-AE,T850,2,0.023960
CorrDiff/DC-AE,T700,2,0.021839
CorrDiff/DC-AE,U1000,2,0.076500
CorrDiff/DC-AE,U925,2,0.073345
CorrDiff/DC-AE,U850,2,0.072385
CorrDiff/DC-AE,U700,2,0.068499
CorrDiff/DC-AE,V1000,2,0.131067
CorrDiff/DC-AE,V925,2,0.156578
CorrDiff/DC-AE,V850,2,0.198855
CorrDiff/DC-AE,V700,2,0.231638
CorrDiff/DC-AE,Q1000,2,0.032463
CorrDiff/DC-AE,Q925,2,0.056241
CorrDiff/DC-AE,Q850,2,0.068149
CorrDiff/DC-AE,Q700,2,0.080845
CorrDiff/DC-AE,Z1000,2,0.024005
CorrDiff/DC-AE,Z925,2,0.018985
CorrDiff/DC-AE,Z850,2,0.014787
CorrDiff/DC-AE,Z700,2,0.009818
CorrDiff/DC-AE,t2m,2,0.030023
CorrDiff/DC-AE,u10,2,0.077697
CorrDiff/DC-AE,v10,2,0.132454
CorrDiff/DC-AE,mslp,2,0.024370
CorrDiff/DC-AE,T1000,3,0.021280
CorrDiff/DC-AE,T925,3,0.023762
CorrDiff/DC-AE,T850,3,0.026777
CorrDiff/DC-AE,T700,3,0.024415
CorrDiff/DC-AE,U1000,3,0.084662
CorrDiff/DC-AE,U925,3,0.080597
CorrDiff/DC-AE,U850,3,0.080909
CorrDiff/DC-AE,U700,3,0.076954
CorrDiff/DC-AE,V1000,3,0.144393
CorrDiff/DC-AE,V925,3,0.170471
CorrDiff/DC-AE,V850,3,0.221220
CorrDiff/DC-AE,V700,3,0.258454
CorrDiff/DC-AE,Q1000,3,0.036887
CorrDiff/DC-AE,Q925,3,0.062862
CorrDiff/DC-AE,Q850,3,0.077429
CorrDiff/DC-AE,Q700,3,0.093960
CorrDiff/DC-AE,Z1000,3,0.022962
CorrDiff/DC-AE,Z925,3,0.017932
CorrDiff/DC-AE,Z850,3,0.013916
CorrDiff/DC-AE,Z700,3,0.009340
CorrDiff/DC-AE,t2m,3,0.024584
CorrDiff/DC-AE,u10,3,0.085849
CorrDiff/DC-AE,v10,3,0.146198
CorrDiff/DC-AE,mslp,3,0.023667
CorrDiff/DC-AE,T1000,4,0.020200
CorrDiff/DC-AE,T925,4,0.022229
CorrDiff/DC-AE,T850,4,0.024936
CorrDiff/DC-AE,T700,4,0.022455
CorrDiff/DC-AE,U1000,4,0.083653
CorrDiff/DC-AE,U925,4,0.080046
CorrDiff/DC-AE,U850,4,0.078860
CorrDiff/DC-AE,U700,4,0.073563
CorrDiff/DC-AE,V1000,4,0.144706
CorrDiff/DC-AE,V925,4,0.173315
CorrDiff/DC-AE,V850,4,0.220529
CorrDiff/DC-AE,V700,4,0.254110
CorrDiff/DC-AE,Q1000,4,0.033785
CorrDiff/DC-AE,Q925,4,0.057949
CorrDiff/DC-AE,Q850,4,0.070967
CorrDiff/DC-AE,Q700,4,0.085878
CorrDiff/DC-AE,Z1000,4,0.027768
CorrDiff/DC-AE,Z925,4,0.022149
CorrDiff/DC-AE,Z850,4,0.017262
CorrDiff/DC-AE,Z700,4,0.011302
CorrDiff/DC-AE,t2m,4,0.029094
CorrDiff/DC-AE,u10,4,0.084535
CorrDiff/DC-AE,v10,4,0.145739
CorrDiff/DC-AE,mslp,4,0.028098
CorrDiff/DC-AE,T1000,5,0.012476
CorrDiff/DC-AE,T925,5,0.013904
CorrDiff/DC-AE,T850,5,0.015651
CorrDiff/DC-AE,T700,5,0.014430
CorrDiff/DC-AE,U1000,5,0.049952
CorrDiff/DC-AE,U925,5,0.047907
CorrDiff/DC-AE,U850,5,0.047904
CorrDiff/DC-AE,U700,5,0.044551
CorrDiff/DC-AE,V1000,5,0.082738
CorrDiff/DC-AE,V925,5,0.098106
CorrDiff/DC-AE,V850,5,0.125589
CorrDiff/DC-AE,V700,5,0.141490
CorrDiff/DC-AE,Q1000,5,0.021040
CorrDiff/DC-AE,Q925,5,0.036300
CorrDiff/DC-AE,Q850,5,0.044807
CorrDiff/DC-AE,Q700,5,0.053059
CorrDiff/DC-AE,Z1000,5,0.019377
CorrDiff/DC-AE,Z925,5,0.015708
CorrDiff/DC-AE,Z850,5,0.012430
CorrDiff/DC-AE,Z700,5,0.008248
CorrDiff/DC-AE,t2m,5,0.015884
CorrDiff/DC-AE,u10,5,0.050721
CorrDiff/DC-AE,v10,5,0.084329
CorrDiff/DC-AE,mslp,5,0.019529
